,News Source,Tweet Text,Tweet Date,Compound Score,Pos.score,Neg.score,Neu.score,Tweets ago
0,BBC News (World),Trump calls for deportations without judicial process https://t.co/Nl5nkeES6S,Sun Jun 24 19:17:37 +0000 2018,0.0,0.0,0.0,1.0,1
1,BBC News (World),Europe migrants: Italy warns Schengen is 'at risk' https://t.co/RCO71FM9fr,Sun Jun 24 18:55:57 +0000 2018,-0.3612,0.0,0.333,0.667,2
2,BBC News (World),Mali Fula villagers were killed 'in cold blood' https://t.co/AfcHoefUVO,Sun Jun 24 17:44:07 +0000 2018,-0.6705,0.0,0.36,0.64,3
3,BBC News (World),Event in Dublin for 60 years of UN peacekeeping missions https://t.co/6w3nloDc5Q,Sun Jun 24 17:02:54 +0000 2018,0.4588,0.231,0.0,0.769,4
4,BBC News (World),A juvenile male has been arrested over Tallaght Park death https://t.co/qLTGyf7inE,Sun Jun 24 16:48:00 +0000 2018,-0.7906,0.0,0.467,0.533,5
5,BBC News (World),"RT @bbctennis: He‚Äôs done it!

Cilic defeats Djokovic 5-7, 7-6, 6-3.

Watch on @BBCTwo or hereüëá
https://t.co/jUcUW6L31r
#bbctennis #QueensTe‚Ä¶",Sun Jun 24 16:43:57 +0000 2018,-0.3802,0.0,0.126,0.874,6
6,BBC News (World),Erdogan leads after early results in Turkey https://t.co/3ywfCK7u0H,Sun Jun 24 15:54:59 +0000 2018,0.0,0.0,0.0,1.0,7
7,BBC News (World),"Lava from Hawaii's Kilauea volcano creeps closer to more homes üåã

https://t.co/DX4aFQwOaH https://t.co/HRp05YBuHy",Sun Jun 24 15:22:40 +0000 2018,0.0,0.0,0.0,1.0,8
8,BBC News (World),"RT @BBCSport: FT #ENG 6-1 #PAN 

Kane ‚öΩ‚öΩ‚öΩ
Stones ‚öΩ‚öΩ
Lingard ‚öΩ

Qualification secured! ‚úÖ

üì∫ @BBCOne 
üìª @5liveSport 
üì± https://t.co/ByebdqU7Y‚Ä¶",Sun Jun 24 13:53:17 +0000 2018,0.4574,0.166,0.0,0.834,9
9,BBC News (World),"RT @BBCSport: GOAL! #ENG 6-1 #PAN 

Comeback on?

Baloy gets on the end of a free-kick. The Panama fans go wild!

üì∫ @BBCOne 
üìª @5liveSport‚Ä¶",Sun Jun 24 13:38:10 +0000 2018,0.0,0.0,0.0,1.0,10
10,BBC News (World),"RT @bbcf1: Moment of history for Saudi Arabia's women at today's  #FrenchGP 

Aseel Al-Hamad will drive a Lotus Renault E20 on a lap of the‚Ä¶",Sun Jun 24 13:36:20 +0000 2018,0.0,0.0,0.0,1.0,11
11,BBC News (World),"RT @BBCSport: GOAL! #ENG 6-0 #PAN 

Hat-trick for Harry Kane!

He's the leading #WorldCup goalscorer now on five goals!

üì∫ @BBCOne 
üìª @5liv‚Ä¶",Sun Jun 24 13:21:38 +0000 2018,0.0,0.0,0.0,1.0,12
12,BBC News (World),"RT @BBCSport: GOAL! #ENG 5-0 #PAN 

It's coming home.

üì∫ @BBCOne 
üìª @5liveSport 
üì± https://t.co/ByebdqU7Yx

#WorldCup #ENGPAN #bbcworldcup‚Ä¶",Sun Jun 24 12:45:55 +0000 2018,0.0,0.0,0.0,1.0,13
13,BBC News (World),"RT @BBCSport: GOAL! #ENG 4-0 #PAN 

Okay.

John Stones grabs his second - England are cruising!

üì∫ @BBCOne 
üìª @5liveSport 
üì± https://t.co/B‚Ä¶",Sun Jun 24 12:42:22 +0000 2018,0.3578,0.127,0.0,0.873,14
14,BBC News (World),"RT @BBCSport: GOAL! #ENG 3-0 #PAN 

Jesse Lingard!!

He curls a beauty into the top corner. Dreamland for England!

üì∫ @BBCOne 
üìª @5liveSpor‚Ä¶",Sun Jun 24 12:36:38 +0000 2018,0.7762,0.273,0.0,0.727,15
15,BBC News (World),"RT @BBCSport: GOAL! #ENG 2-0 #PAN 

Harry Kane converts from the spot - his third goal of the #WorldCup 

üì∫ @BBCOne 
üìª @5liveSport 
üì± https‚Ä¶",Sun Jun 24 12:23:45 +0000 2018,0.0,0.0,0.0,1.0,16
16,BBC News (World),Ukraine Roma camp attack leaves one dead https://t.co/PlwCBL9CYV,Sun Jun 24 12:17:52 +0000 2018,-0.8126,0.0,0.552,0.448,17
17,BBC News (World),"RT @BBCSport: GOAL! #ENG 1-0 #PAN 

What a start! 

John Stones with a bullet header from a corner.

üì∫ @BBCOne 
üìª @5liveSport 
üì± https://t.‚Ä¶",Sun Jun 24 12:09:06 +0000 2018,0.0,0.0,0.0,1.0,18
18,BBC News (World),"RT @BBCSport: #ENG v #PAN is under way!

üì∫ @BBCOne 
üìª @5liveSport 
üì± https://t.co/ByebdqU7Yx

#WorldCup #ENGPAN #bbcworldcup https://t.co/r‚Ä¶",Sun Jun 24 12:00:45 +0000 2018,0.0,0.0,0.0,1.0,19
19,BBC News (World),Zimbabwe election to 'to go ahead as planned' after blast https://t.co/bSUek02iOJ,Sun Jun 24 10:32:17 +0000 2018,0.0,0.0,0.0,1.0,20
20,BBC News (World),"""At last!""

Saudi Arabia becomes the last country in the world to allow women to drive. https://t.co/vfOqNTBk9o https://t.co/NmsTDXIGvr",Sun Jun 24 10:23:22 +0000 2018,0.2942,0.114,0.0,0.886,21
21,BBC News (World),Germany building explosion injures 25 https://t.co/K6Ddvz6RcE,Sun Jun 24 10:23:11 +0000 2018,0.0,0.0,0.0,1.0,22
22,BBC News (World),"Han Solo 'blaster' fetches $550,000 in New York https://t.co/sIVep26sTx",Sun Jun 24 09:09:03 +0000 2018,0.0,0.0,0.0,1.0,23
23,BBC News (World),A woman takes the wheel in Saudi Arabia https://t.co/9OvRr1sRE9,Sun Jun 24 08:42:41 +0000 2018,0.0,0.0,0.0,1.0,24
24,BBC News (World),RT @BBCSport: Fifa has opened an investigation into Granit Xhaka and Xherdan Shaqiri's goal celebrations during Switzerland's World Cup vic‚Ä¶,Sun Jun 24 08:22:53 +0000 2018,0.0,0.0,0.0,1.0,25
25,BBC News (World),"RT @BBCSteveR: From (World Cup) Russia with Love:  Marx, Putin, pigeons &amp; a piano accompaniment. #WorldCup https://t.co/xwOgMeNlf2",Sun Jun 24 08:13:42 +0000 2018,0.6369,0.219,0.0,0.781,26
26,BBC News (World),"New Zealand's PM reveals her daughter's name as she leaves hospital in Auckland üë∂üá≥üáø

https://t.co/5E751apfOg https://t.co/Zt70QyeRZz",Sun Jun 24 07:44:41 +0000 2018,0.0,0.0,0.0,1.0,27
27,BBC News (World),Woman 'humiliated' by Walgreens over drugs to end pregnancy https://t.co/lPc86Eo2yL,Sun Jun 24 06:28:30 +0000 2018,0.0,0.0,0.0,1.0,28
28,BBC News (World),Nicaragua protests: Baby killed in Managua clashes https://t.co/ks17QgywFj,Sun Jun 24 05:27:48 +0000 2018,-0.7506,0.0,0.516,0.484,29
29,BBC News (World),Turkey election: Erdogan seeks second term in hard-fought contest https://t.co/ICViy1WcdF,Sun Jun 24 02:59:56 +0000 2018,0.0,0.0,0.0,1.0,30
30,BBC News (World),100 Women: 'Signing a gagging clause set me free' https://t.co/y59xOTGNwE,Sun Jun 24 01:36:26 +0000 2018,0.5106,0.292,0.0,0.708,31
31,BBC News (World),What impact has Donald Trump had on illegal immigration? https://t.co/oN2Vtp7P6w,Sun Jun 24 01:14:34 +0000 2018,-0.5574,0.0,0.286,0.714,32
32,BBC News (World),Kenya's 'contaminated sugar' row: What we know https://t.co/iA6N3Hqf2j,Sun Jun 24 01:12:13 +0000 2018,0.0,0.0,0.0,1.0,33
33,BBC News (World),Europe migrants: Can the EU reach a new deal? https://t.co/Fr8VLF8lsN,Sun Jun 24 01:09:49 +0000 2018,0.0258,0.121,0.0,0.879,34
34,BBC News (World),How many words do you need to speak a language? https://t.co/LvDicLxGx2,Sun Jun 24 01:07:22 +0000 2018,0.0,0.0,0.0,1.0,35
35,BBC News (World),"Obituary: Suman Virk, the mother who forgave her daughter's killer https://t.co/E52qPUTM0Z",Sun Jun 24 00:48:40 +0000 2018,-0.4404,0.153,0.274,0.573,36
36,BBC News (World),French jogger detained after crossing US-Canada border https://t.co/Gj3FN7G9nK,Sat Jun 23 22:18:54 +0000 2018,-0.4019,0.0,0.278,0.722,37
37,BBC News (World),Sarah Sanders kicked out of restaurant because of work for Trump https://t.co/fs910TE1Lw,Sat Jun 23 21:25:25 +0000 2018,0.0,0.0,0.0,1.0,38
38,BBC News (World),Vatican ex-diplomat sentenced to five years on child pornography charges https://t.co/zoiMSAo7o7,Sat Jun 23 21:22:40 +0000 2018,-0.296,0.0,0.262,0.738,39
39,BBC News (World),"RT @BBCNews: Thousands of people marched through central London to demand a vote on any final #Brexit deal üá¨üáßüá™üá∫

https://t.co/35XqTjiYfN ht‚Ä¶",Sat Jun 23 17:22:19 +0000 2018,-0.128,0.0,0.073,0.927,40
40,BBC News (World),Boru: Golden eagle missing in Monaghan returns https://t.co/6iRTsOqSXE,Sat Jun 23 16:37:02 +0000 2018,-0.296,0.0,0.239,0.761,41
41,BBC News (World),Italy migrant row: Malta defiant over stranded rescue boat https://t.co/Mw4jrRT7ic,Sat Jun 23 15:32:04 +0000 2018,0.34,0.25,0.144,0.606,42
42,BBC News (World),Thousands of gallons of crude oil has leaked into a US river after a train came off the tracks in Iowa‚Ä¶ https://t.co/wRUuERvQje,Sat Jun 23 14:17:31 +0000 2018,-0.7184,0.0,0.25,0.75,43
43,BBC News (World),"RT @BBCSport: FT #BEL 5-2 #TUN 

A very impressive performance from Belgium. Next up for the Red Devils is #ENG... 

üì∫ @BBCOne 
üìª @5liveSpo‚Ä¶",Sat Jun 23 13:58:18 +0000 2018,-0.0276,0.137,0.141,0.723,44
44,BBC News (World),"RT @BBCSport: GOAL! #BEL 5-1 #TUN 

Michy Batshuayi finally gets his goal as he slides in at the back post.

üì∫ @BBCOne 
üìª @5liveSport 
üì± ht‚Ä¶",Sat Jun 23 13:52:40 +0000 2018,0.0,0.0,0.0,1.0,45
45,BBC News (World),Explosion rocks Zimbabwe president's rally https://t.co/HIPMq8rMqU,Sat Jun 23 13:47:32 +0000 2018,0.0,0.0,0.0,1.0,46
46,BBC News (World),"RT @BBCSport: GOAL! #BEL 4-1 #TUN 

Hazard latches on to De Bruyne's pass, skips past the keeper and scores.

Belgium look good. Very good.‚Ä¶",Sat Jun 23 13:14:50 +0000 2018,0.4926,0.122,0.0,0.878,47
47,BBC News (World),"RT @BBCSport: HT #BEL 3-1 #TUN 

Belgium are in complete control at the break after Lukaku's second.

üì∫ @BBCOne 
üìª @5liveSport 
üì± https://t‚Ä¶",Sat Jun 23 12:55:03 +0000 2018,0.0,0.0,0.0,1.0,48
48,BBC News (World),"RT @BBCSport: GOAL! #BEL 3-1 #TUN 

It's a second for Romelu Lukaku, a delightful chipped finish over the keeper

üì∫ @BBCOne 
üìª @5liveSport‚Ä¶",Sat Jun 23 12:49:21 +0000 2018,0.6239,0.185,0.0,0.815,49
49,BBC News (World),"RT @BBCSport: GOAL! #BEL 2-1 #TUN 

What a start to this match!

Bronn heads home from an in-swinging free-kick.

üì∫ @BBCOne 
üìª @5liveSport‚Ä¶",Sat Jun 23 12:18:43 +0000 2018,0.0,0.0,0.0,1.0,50
50,BBC News (World),"RT @BBCSport: GOAL! #BEL 2-0 #TUN 

Floodgates?

Romelu Lukaku arrows a fine finish into the bottom corner.

üì∫ @BBCOne 
üìª @5liveSport 
üì± ht‚Ä¶",Sat Jun 23 12:17:24 +0000 2018,0.2714,0.104,0.0,0.896,51
51,BBC News (World),"RT @BBCSport: Ireland have survived a dramatic finale to clinch a first Test series victory in Australia since 1979.

Live reaction üëâ https‚Ä¶",Sat Jun 23 12:15:29 +0000 2018,0.5106,0.148,0.0,0.852,52
52,BBC News (World),"RT @BBCSport: GOAL! #BEL 1-0 #TUN 

Hazard steps up to convert the spot kick - great start for Belgium.

üì∫ @BBCOne 
üìª @5liveSport 
üì± https:‚Ä¶",Sat Jun 23 12:10:12 +0000 2018,0.6588,0.18,0.0,0.82,53
53,BBC News (World),"RT @BBCSport: #BEL v #TUN is under way!

üì∫ @BBCOne 
üìª @5liveSport 
üì± https://t.co/XTVTlxv0mD

#WorldCup #BELTUN #bbcworldcup https://t.co/Z‚Ä¶",Sat Jun 23 12:01:42 +0000 2018,0.0,0.0,0.0,1.0,54
54,BBC News (World),"""I don't know how I survived. I'm amazed how I survived""

Max Eisen's mother, sister and two brothers died at Ausch‚Ä¶ https://t.co/9D7Rzc9Pqf",Sat Jun 23 11:55:45 +0000 2018,-0.7007,0.113,0.319,0.567,55
55,BBC News (World),Dublin park death thought to be 'suspicious' https://t.co/Li65v5fVUf,Sat Jun 23 11:48:09 +0000 2018,-0.5994,0.0,0.358,0.642,56
56,BBC News (World),"RT @BBCMonitoring: Ethiopian PM's office now says no deaths reported in explosion at rally in the Addis Ababa, contradicting earlier report‚Ä¶",Sat Jun 23 11:15:29 +0000 2018,-0.5423,0.0,0.191,0.809,57
57,BBC News (World),Saudi Arabia's ban on women driving ban to end https://t.co/dPrXbIfu4H,Sat Jun 23 11:14:51 +0000 2018,-0.802,0.0,0.474,0.526,58
58,BBC News (World),Pantera drummer Vinnie Paul dies aged 54 https://t.co/EeRDzr9B76,Sat Jun 23 10:24:00 +0000 2018,0.0,0.0,0.0,1.0,59
59,BBC News (World),'Double eagle' celebration provokes Serbs https://t.co/GO7vAzGjmh,Sat Jun 23 10:05:09 +0000 2018,-0.3182,0.0,0.315,0.685,60
60,BBC News (World),US military plans migrant tent camps amid Trump crackdown https://t.co/kZEmpbsD1V,Sat Jun 23 08:01:56 +0000 2018,0.0,0.0,0.0,1.0,61
61,BBC News (World),Explosion hits Ethiopia PM rally https://t.co/hpbujYXRRR,Sat Jun 23 07:30:51 +0000 2018,0.0,0.0,0.0,1.0,62
62,BBC News (World),Trump says North Korea still 'extraordinary threat' https://t.co/JrJw1h2RXe,Sat Jun 23 03:55:10 +0000 2018,-0.5267,0.0,0.327,0.673,63
63,BBC News (World),Anthony Bourdain: Chef's mother plans memorial tattoo https://t.co/YBlfu09bdN,Sat Jun 23 01:09:47 +0000 2018,0.0,0.0,0.0,1.0,64
64,BBC News (World),Unravelling the mystery of Akon's Wakanda https://t.co/AMnczGpuAt,Sat Jun 23 00:39:37 +0000 2018,0.0,0.0,0.0,1.0,65
65,BBC News (World),The Aquarius: Migrant taxi service or charitable rescuers? https://t.co/FJqdasj52U,Sat Jun 23 00:12:56 +0000 2018,0.4019,0.252,0.0,0.748,66
66,BBC News (World),The Kashmiri art bringing Hindus and Muslims together https://t.co/YobgGIkYEs,Fri Jun 22 23:15:25 +0000 2018,0.0,0.0,0.0,1.0,67
67,BBC News (World),North Korean propaganda changes its tune https://t.co/NnaM5uUSGe,Fri Jun 22 23:10:31 +0000 2018,-0.25,0.0,0.25,0.75,68
68,BBC News (World),Undocumented migrant families embark on chaotic reunion process https://t.co/a8mrwyVk9W,Fri Jun 22 23:05:03 +0000 2018,-0.4939,0.0,0.286,0.714,69
69,BBC News (World),Baron Edouard-Jean Empain who lost finger to kidnappers dies https://t.co/v4JqEVVG9G,Fri Jun 22 21:41:30 +0000 2018,-0.3182,0.0,0.204,0.796,70
70,BBC News (World),Trump highlights victims of migrants amid family separations row https://t.co/BBdVNYL93y,Fri Jun 22 20:41:20 +0000 2018,-0.3182,0.0,0.204,0.796,71
71,BBC News (World),"RT @BBCSport: FT #NGA 2-0 #ISL 

Ahmed Musa is the hero for Nigeria with a brilliant double. 

üì∫ @BBCOne 
üìª @5liveSport 
üì± https://t.co/rSd‚Ä¶",Fri Jun 22 16:57:16 +0000 2018,0.8126,0.303,0.0,0.697,72
72,BBC News (World),Boris Becker insists CAR diplomatic passport is genuine https://t.co/I78kZ2MYja,Fri Jun 22 16:45:24 +0000 2018,0.0,0.0,0.0,1.0,73
73,BBC News (World),"RT @BBCSport: GOAL! #NGA 2-0 #ISL 

Ahmed Musa again! He breaks free, goes round the keeper and fires home - a brilliant individual goal.‚Ä¶",Fri Jun 22 16:44:56 +0000 2018,0.8264,0.278,0.0,0.722,74
74,BBC News (World),Is racism worsening Australia's China influence row? https://t.co/YF8MfJd8uY,Fri Jun 22 16:18:16 +0000 2018,-0.7964,0.0,0.542,0.458,75
75,BBC News (World),"RT @BBCSport: GOAL! #NGA 1-0 #ISL 

Ahmed Musa! He collects a cross mid-air and hammers into the back of the net - great goal!

üì∫ @BBCOne‚Ä¶",Fri Jun 22 16:13:12 +0000 2018,0.7163,0.184,0.0,0.816,76
76,BBC News (World),Koko: Gorilla death coverage rekindles language debate https://t.co/fTmgGwuuml,Fri Jun 22 15:50:46 +0000 2018,-0.5994,0.0,0.358,0.642,77
77,BBC News (World),Ethiopia unblocks 264 websites and TV channels https://t.co/NmDhDcEFIx,Fri Jun 22 15:22:53 +0000 2018,0.0,0.0,0.0,1.0,78
78,BBC News (World),"RT @BBC_HaveYourSay: Carles Puyol, ex-Barcelona star, barred from Iran World Cup punditry for his flowing locks.
https://t.co/0rEejDzSjw",Fri Jun 22 15:16:27 +0000 2018,0.0,0.0,0.0,1.0,79
79,BBC News (World),"RT @BBCMOTD: Spotted at #NGA v #ISL üëÄ

""Nigeria, please win for Messi."" üò≥üá≥üá¨

https://t.co/2vYhDvda3Q #WorldCup #bbcworldcup https://t.co/iw‚Ä¶",Fri Jun 22 15:09:49 +0000 2018,0.7269,0.303,0.0,0.697,80
80,BBC News (World),Airlines warn of flight disruptions over French ATC strike https://t.co/uYFYwnNC2d,Fri Jun 22 14:04:51 +0000 2018,-0.5106,0.0,0.431,0.569,81
81,BBC News (World),Drone footage offers a unique look at a 'tent city' built to house migrant children in Texas‚Ä¶ https://t.co/0GVRKF4F7O,Fri Jun 22 13:53:38 +0000 2018,0.0,0.0,0.0,1.0,82
82,BBC News (World),Migrant families separation poster girl 'not taken from mum' https://t.co/4ymKNsTLp1,Fri Jun 22 13:43:25 +0000 2018,0.0,0.0,0.0,1.0,83
83,BBC News (World),African teens: We are proud to be black https://t.co/oCEngKacFC,Fri Jun 22 13:33:41 +0000 2018,0.4767,0.279,0.0,0.721,84
84,BBC News (World),A mother is reunited with her seven-year-old son after being separated at the US border weeks ago‚Ä¶ https://t.co/jBrlyZBiND,Fri Jun 22 13:08:01 +0000 2018,0.0,0.0,0.0,1.0,85
85,BBC News (World),"RT @BBCSport: Neymar has the lowest rating of any Brazil player today so far üò≥

You can rate the Brazil and Costa Rica players yourself her‚Ä¶",Fri Jun 22 12:59:50 +0000 2018,-0.3818,0.0,0.098,0.902,86
86,BBC News (World),Turkey elections: How powerful will the next Turkish president be? https://t.co/F4JpXasNfY,Fri Jun 22 12:26:29 +0000 2018,0.4215,0.219,0.0,0.781,87
87,BBC News (World),Migrant children: Latin America unites in outrage https://t.co/DGiRSq1xrX,Fri Jun 22 12:21:43 +0000 2018,-0.5106,0.0,0.32,0.68,88
88,BBC News (World),"The new front line in the global war on terror

https://t.co/C4QBMjMLM5 #Longreads https://t.co/XrpIVZ2FTb",Fri Jun 22 12:14:05 +0000 2018,-0.8074,0.0,0.399,0.601,89
89,BBC News (World),North and South Korea agree to resume rare family reunions https://t.co/xwdwlrpjnP,Fri Jun 22 11:51:34 +0000 2018,0.3612,0.2,0.0,0.8,90
90,BBC News (World),"RT @BBCSport: ""I would beg fans for their forgiveness.‚Äù

Argentina coach Jorge Sampaoli has responded to the side‚Äôs loss to Croatia.

Read‚Ä¶",Fri Jun 22 11:51:23 +0000 2018,-0.3182,0.0,0.099,0.901,91
91,BBC News (World),What does it take to relocate a 195kg tiger in India? https://t.co/GyvjD97gvq,Fri Jun 22 11:42:18 +0000 2018,0.0,0.0,0.0,1.0,92
92,BBC News (World),Joseph Mbilinyi takes Tanzania to court over rap song ban https://t.co/lS9T6yC7kA,Fri Jun 22 11:32:42 +0000 2018,-0.5574,0.0,0.265,0.735,93
93,BBC News (World),Melania jacket: Five things 'I don't care' could mean https://t.co/c3Lv5RxzqU,Fri Jun 22 11:08:53 +0000 2018,-0.3875,0.0,0.226,0.774,94
94,BBC News (World),Venezuela crisis: UN says security forces killed hundreds https://t.co/x9QXDTFb2g,Fri Jun 22 10:54:54 +0000 2018,-0.802,0.141,0.506,0.353,95
95,BBC News (World),Japan: Cannabis plants found growing near MPs' offices https://t.co/CPk3RFP39f,Fri Jun 22 10:47:34 +0000 2018,0.1779,0.175,0.0,0.825,96
96,BBC News (World),"When a bear found itself trapped inside a car in California, one plucky sheriff took it upon himself to help it get‚Ä¶ https://t.co/eYIACMJur6",Fri Jun 22 10:00:11 +0000 2018,-0.1779,0.108,0.135,0.757,97
97,BBC News (World),Turkey's elections explained in 100 and 400 words https://t.co/GPpYbhcffp,Fri Jun 22 09:57:02 +0000 2018,0.0,0.0,0.0,1.0,98
98,BBC News (World),RT @BBCTomFeilden: Mystery extinct ape found in ancient Chinese tomb https://t.co/mFRLOuXGUc,Fri Jun 22 09:35:59 +0000 2018,0.0,0.0,0.0,1.0,99
99,BBC News (World),Kate Spade's father dies night before designer's funeral https://t.co/PGNAVV8OLk,Fri Jun 22 08:41:55 +0000 2018,-0.3612,0.0,0.238,0.762,100
100,CBC News,John Holer was a Slovenian immigrant who worked with circuses before he opened Marineland in Niagara Falls in 1961‚Ä¶ https://t.co/EIGxnKbiLH,Sun Jun 24 23:00:42 +0000 2018,0.0,0.0,0.0,1.0,1
101,CBC News,"Chelsey van Staveren says she thought she was seeing a ""dust devil"" near her family's farm in Saskatchewan ‚Äî until‚Ä¶ https://t.co/PiruBqfRT7",Sun Jun 24 22:30:26 +0000 2018,-0.6597,0.0,0.196,0.804,2
102,CBC News,Killdeer protecting its eggs right where the festival's main stage is set to be built. https://t.co/cdiCyQPl0e @KimberleyMolina,Sun Jun 24 22:00:09 +0000 2018,-0.2732,0.0,0.116,0.884,3
103,CBC News,"""We could put hundreds of millions of dollars back into the industry,"" says one tech entrepreneur. https://t.co/pySP8rqdhy @DianneBuckner",Sun Jun 24 21:30:05 +0000 2018,0.0,0.0,0.0,1.0,4
104,CBC News,Plus: Hudson's Bay and other stores pressured to dump Trump family products https://t.co/AXV1RXTZrR @avneetdhillon,Sun Jun 24 21:00:16 +0000 2018,-0.5423,0.0,0.273,0.727,5
105,CBC News,RT @cbcnewsbc: B.C. cook brought in as temporary foreign worker wins \$32K in back pay https://t.co/tuQqjkzMAW https://t.co/c0McOYPRfY,Sun Jun 24 20:30:12 +0000 2018,0.5106,0.184,0.07,0.746,6
106,CBC News,"If you're considering a career in the cannabis business, now may be the time to take the plunge as licensed marijua‚Ä¶ https://t.co/gOU3MOQXK1",Sun Jun 24 20:00:30 +0000 2018,0.0,0.0,0.0,1.0,7
107,CBC News,RT @CBCToronto: Toronto prepares for 1st Pride parade since Bruce McArthur's arrest https://t.co/dEW43f6t1J https://t.co/jWf8SLRgjM,Sun Jun 24 19:30:01 +0000 2018,0.0,0.143,0.143,0.714,8
108,CBC News,"RT @AdrianCheungCBC: They won‚Äôt be needing any water cannons on the floats today, it‚Äôs been pouring all day at #Pride #prideTO @CBCToronto‚Ä¶",Sun Jun 24 19:00:21 +0000 2018,0.0,0.0,0.0,1.0,9
109,CBC News,Building a solid foundation for new campers at P.E.I. National Park. https://t.co/a30NvDSzCD @CBCJRobertson,Sun Jun 24 18:30:08 +0000 2018,0.1531,0.127,0.0,0.873,10
110,CBC News,"RT @CBCSaskatoon: Where's Waldo the dog? At Saskatoon's Pride Parade, of course! https://t.co/Y0wU56Qd1B #yxe #yxepride",Sun Jun 24 18:00:11 +0000 2018,0.4003,0.161,0.0,0.839,11
111,CBC News,"The reserve stretches 1,400 square kilometres, more than Vancouver, Calgary and Montreal combined. The band believe‚Ä¶ https://t.co/UoqrJ8F3n9",Sun Jun 24 17:30:16 +0000 2018,0.0,0.0,0.0,1.0,12
112,CBC News,RT @CBCNB: DFO closes another fishing area in northern N.B. after right whale sighting: https://t.co/SnvLbn5fcl https://t.co/fLIyOyQqjP,Sun Jun 24 17:00:07 +0000 2018,0.0,0.0,0.0,1.0,13
113,CBC News,"RT @cbcnewsbc: After many sleepless nights in Tokyo hotel rooms, five Canadian families will finally be able to return home with the Japane‚Ä¶",Sun Jun 24 16:30:24 +0000 2018,0.0,0.0,0.0,1.0,14
114,CBC News,"RT @checkupcbc: ""The recurrent use of [temp] agency nurses challenges the relationship of trust I might have with a nurse,"" Dr. John McDona‚Ä¶",Sun Jun 24 16:00:03 +0000 2018,0.5574,0.195,0.0,0.805,15
115,CBC News,"RT @CBCPolitics: Diplomats-turned-refugees: Foreign nationals claiming asylum at embassies, consulates https://t.co/V2Tcxz9gxo #hw #cdnpoli‚Ä¶",Sun Jun 24 15:30:14 +0000 2018,0.0,0.0,0.0,1.0,16
116,CBC News,"RT @WendyMesleyCBC: LIVE: The Weekly with @WendyMesleyCBC June 24, 2018 https://t.co/Rm3SIuUo2A",Sun Jun 24 15:01:33 +0000 2018,0.0,0.0,0.0,1.0,17
117,CBC News,The first Canadians have hit the ground ahead of a perilous peacekeeping mission in Mali. https://t.co/J4zDtZ1sYu‚Ä¶ https://t.co/2mj00MrVEx,Sun Jun 24 15:00:38 +0000 2018,0.4588,0.167,0.0,0.833,18
118,CBC News,RT @CBCToronto: Toronto prepares for 1st Pride parade since Bruce McArthur's arrest: https://t.co/dEW43f6t1J https://t.co/hmKGk8hK89,Sun Jun 24 15:00:05 +0000 2018,0.0,0.143,0.143,0.714,19
119,CBC News,RT @CBCNB: Get a tissue handy. Mackenzie Stewart had no intention of going to her high school prom after her boyfriend died in a car accide‚Ä¶,Sun Jun 24 14:30:18 +0000 2018,-0.7003,0.0,0.209,0.791,20
120,CBC News,"It‚Äôs the ubiquitous symbol of the LGBT movement, but how did the Pride flag come to be? CBC‚Äôs @NEWSneil delves into‚Ä¶ https://t.co/xLzBHhC8As",Sun Jun 24 14:01:08 +0000 2018,0.4767,0.129,0.0,0.871,21
121,CBC News,"B.C. man ends up with $338 a month after tax, after contributing for over 40 years. https://t.co/pPNtOOzYrL @Dufresnm",Sun Jun 24 13:33:23 +0000 2018,0.0,0.0,0.0,1.0,22
122,CBC News,Political activist Egor Cherniuk watches from afar after fleeing Russia with backpack and few belongings. https://t.co/ifbSoHPCGk,Sun Jun 24 13:30:15 +0000 2018,0.0,0.0,0.0,1.0,23
123,CBC News,"In Canada, permethrin-treated clothing is only marketed to be used against mosquitoes https://t.co/KntflrJUK1",Sun Jun 24 12:00:15 +0000 2018,0.0,0.0,0.0,1.0,24
124,CBC News,Two-year-old Hugo Giroux received non-life-threatening injuries to his face and arm https://t.co/Wp7WPXWi2u,Sun Jun 24 11:00:10 +0000 2018,0.0,0.0,0.0,1.0,25
125,CBC News,RT @CBCToronto: Toronto cyclist looks for answers following collision caught on his helmet camera: https://t.co/uAB6ua0YNi https://t.co/7SH‚Ä¶,Sun Jun 24 10:00:02 +0000 2018,-0.3612,0.0,0.143,0.857,26
126,CBC News,"""I think I got elected largely because we are strong on the border,"" U.S. President Donald Trump said https://t.co/8f7eXKI5aE",Sun Jun 24 09:00:31 +0000 2018,0.5106,0.163,0.0,0.837,27
127,CBC News,RT @cbcnewsbc: 'An archive of colours': Decades of history preserved in historic cabin on North Shore https://t.co/GPMPgb8Czn https://t.co/‚Ä¶,Sun Jun 24 08:00:15 +0000 2018,0.0,0.0,0.0,1.0,28
128,CBC News,"RT @CBCToronto: Pride events, other festivals to close roads, disrupt transit this weekend https://t.co/2xvpLyxaKY https://t.co/FMQ3QgDYrz",Sun Jun 24 07:00:01 +0000 2018,0.5994,0.274,0.0,0.726,29
129,CBC News,European Union leaders will meet in Brussels to try to find common ground for tackling the migrant crisis https://t.co/unyt2oawQz,Sun Jun 24 06:30:10 +0000 2018,-0.6249,0.0,0.186,0.814,30
130,CBC News,"RT @CBCMontreal: Quebec to give McGill the old Royal Vic site, plus $37M for design plan  https://t.co/sOq5y78tZc https://t.co/82PrzfHBda",Sun Jun 24 06:00:11 +0000 2018,0.0,0.0,0.0,1.0,31
131,CBC News,RT @CBCNB: Brothers with bootlegging background are making moonshine mainstream: https://t.co/xxYLFNq3Nq https://t.co/oVOlbqyJMe,Sun Jun 24 05:00:19 +0000 2018,0.0,0.0,0.0,1.0,32
132,CBC News,"F-16 fighter jets destroyed three houses on Friday which were connected by a trench in the town of Hajin, where ISI‚Ä¶ https://t.co/lF1JLetExe",Sun Jun 24 04:30:01 +0000 2018,-0.3818,0.067,0.134,0.798,33
133,CBC News,RT @CBCPolitics: Faith-based camps feel sting of Trudeau government's summer jobs abortion clause https://t.co/5qCbJ0JmKN #hw #cdnpoli,Sun Jun 24 04:00:01 +0000 2018,0.0,0.0,0.0,1.0,34
134,CBC News,"Before their show on Saturday in Hamilton, Arkells invited 17-year-old Kaitlin Coghlin to meet them.‚Ä¶ https://t.co/SN9Ji99CZq",Sun Jun 24 03:30:05 +0000 2018,0.0,0.0,0.0,1.0,35
135,CBC News,"RT @CBCNS: Why you can't find anti-tick clothing for sale in Canada, but it's OK in the U.S. https://t.co/lFiji2f74o https://t.co/a9zvvCfgSj",Sun Jun 24 03:00:02 +0000 2018,0.5993,0.17,0.0,0.83,36
136,CBC News,RT @CBCAlerts: Vancouver man tells his story after being swindled in complex scam involving fraudsters who claimed to be from Canada Revenu‚Ä¶,Sun Jun 24 02:30:02 +0000 2018,-0.7964,0.0,0.262,0.738,37
137,CBC News,"""I just need to know how many non-disclosure agreements you'd have to distribute ‚Ä¶ to get away with this."" https://t.co/6ksbe4UU80 @CBCDay6",Sun Jun 24 02:15:00 +0000 2018,0.2732,0.1,0.0,0.9,38
138,CBC News,RT @CBCPolitics: Grave mistakes: Tax agency cuts number of fatal file errors https://t.co/KZ17JUjFcZ #hw #cdnpoli https://t.co/6Czj9qT5oX,Sun Jun 24 02:00:20 +0000 2018,-0.8979,0.053,0.539,0.408,39
139,CBC News,RT @CBCCalgary: COC session vote approves Calgary as potential host for 2026 Olympics https://t.co/Fu9m3CfLX1 https://t.co/dClwT7I1jZ,Sun Jun 24 01:30:01 +0000 2018,0.4019,0.162,0.0,0.838,40
140,CBC News,The B.C. Court of Appeal has dismissed the cable giant's argument that it shouldn't have to pay $1.66 million in pr‚Ä¶ https://t.co/AS9ky1bl1p,Sun Jun 24 01:00:00 +0000 2018,-0.2969,0.054,0.105,0.84,41
141,CBC News,Five Canadian families will finally be able to return home with the Japanese-born children they are adopting https://t.co/KvHdF4bPZ4,Sun Jun 24 00:30:03 +0000 2018,0.0,0.0,0.0,1.0,42
142,CBC News,"His snap election gamble could cost him, as the weekend vote expected to be close. https://t.co/4yHlpr4Lik @nilkoksalcbc",Sun Jun 24 00:00:01 +0000 2018,0.0,0.0,0.0,1.0,43
143,CBC News,Paintings by Indigenous artist Kent Monkman featured in inaugural show. https://t.co/sg2dJEtk9O @abmacbc,Sat Jun 23 23:30:11 +0000 2018,0.0,0.0,0.0,1.0,44
144,CBC News,RT @CBCEnt: No drugs in Anthony Bourdain's body when he died: prosecutor   https://t.co/XqL8vj3SHb https://t.co/Ww6TXcxtXD,Sat Jun 23 23:00:02 +0000 2018,-0.7003,0.0,0.326,0.674,45
145,CBC News,"#Opinion: In Canada, there are no laws regarding temperatures above or below which farmed animals cannot be transpo‚Ä¶ https://t.co/dFRJO7sM0m",Sat Jun 23 22:30:00 +0000 2018,-0.296,0.0,0.109,0.891,46
146,CBC News,RT @CBCManitoba: Deaths and deceit: Churchill rail line has long track record of controversy https://t.co/nX2DsgcZEQ https://t.co/TidZonznw6,Sat Jun 23 22:00:17 +0000 2018,-0.4588,0.0,0.167,0.833,47
147,CBC News,RT @CBCAlerts: World's last ban on female drivers lifted as women in Saudi Arabia allowed to take the wheel for the first time. https://t.c‚Ä¶,Sat Jun 23 21:46:45 +0000 2018,-0.5574,0.0,0.135,0.865,48
148,CBC News,A St. Catharines man jumped into water to dislodge a fish hook from a swan's neck. https://t.co/vMzMoBs8Zs‚Ä¶ https://t.co/a9AZ1IYoA1,Sat Jun 23 21:35:03 +0000 2018,0.0,0.0,0.0,1.0,49
149,CBC News,RT @CBCDay6: From data scandals to ivory sales: @GretchenSPeters explains how Facebook became a flourishing marketplace for the illegal wil‚Ä¶,Sat Jun 23 21:30:10 +0000 2018,-0.7783,0.0,0.286,0.714,50
150,CBC News,"RT @CBCEnt: Game of Thrones co-stars Kit Harington, Rose Leslie to wed https://t.co/JexqJfbSc1 https://t.co/MuIGALeKZf",Sat Jun 23 21:00:08 +0000 2018,0.0,0.0,0.0,1.0,51
151,CBC News,"RT @CBCNL: 4 people are safe, after a rescue off the coast of St. John's

https://t.co/PxJicDTf1q
#cbcnl https://t.co/rFrxfzHauT",Sat Jun 23 20:30:03 +0000 2018,0.7351,0.307,0.0,0.693,52
152,CBC News,RT @CBCAlerts: More @CBCNews: https://t.co/lfHnJPP84z,Sat Jun 23 20:00:28 +0000 2018,0.0,0.0,0.0,1.0,53
153,CBC News,RT @CBCNS: UPDATED: BP reports drilling mud spill off Nova Scotia https://t.co/RjrCE7C9Qz https://t.co/kOIxj4Kxyh,Sat Jun 23 19:30:05 +0000 2018,0.0,0.0,0.0,1.0,54
154,CBC News,"Are you one of those ""helicopter parents?""  https://t.co/HTCHQehUwk @kasroussy",Sat Jun 23 19:00:13 +0000 2018,0.0,0.0,0.0,1.0,55
155,CBC News,"RT @CBCPolitics: Canadian military not ready for 'space army,' former defence chief says https://t.co/Jgl266qc54 #hw #cdnpoli https://t.co/‚Ä¶",Sat Jun 23 18:30:17 +0000 2018,-0.1803,0.076,0.114,0.81,56
156,CBC News,#Analysis: The president knows nothing energizes his supporters quite like the issue of immigration. https://t.co/lCK2S1LTeS @KeithBoag,Sat Jun 23 18:00:02 +0000 2018,-0.2885,0.135,0.239,0.626,57
157,CBC News,RT @CBCOttawa: Mosa√Øculture Gatineau 2018 opens its doors  https://t.co/LM9w7Me7AS #ottnews #ottawa https://t.co/8sy1DNPZmu,Sat Jun 23 17:30:13 +0000 2018,0.0,0.0,0.0,1.0,58
158,CBC News,RT @TheCurrentCBC: Meet the Sherlock Holmes of bird crimes investigating the black market for dead hummingbirds: https://t.co/IS96OdBibh ht‚Ä¶,Sat Jun 23 17:00:02 +0000 2018,-0.6486,0.0,0.202,0.798,59
159,CBC News,This girl was not separated from her mother. But other children were. https://t.co/mRhCNhc4tK @markgollom,Sat Jun 23 16:00:27 +0000 2018,0.0,0.0,0.0,1.0,60
160,CBC News,"At this St. John's daycare, you're never too young to learn throat singing.

Read more: https://t.co/7V6RgHAP5d‚Ä¶ https://t.co/zcRjyITtyt",Sat Jun 23 15:30:27 +0000 2018,0.0,0.0,0.0,1.0,61
161,CBC News,RT @CBCEdmonton: Alberta stowaway cat flown home after hitching ride to B.C.  https://t.co/vvRhXH7NV7 https://t.co/4zxcngia6S,Sat Jun 23 15:00:10 +0000 2018,0.0,0.0,0.0,1.0,62
162,CBC News,Canada separated thousands of Indigenous children from their parents between the 1960s and the 1980s. It's called t‚Ä¶ https://t.co/rF5q9Jby0z,Sat Jun 23 14:30:00 +0000 2018,0.0,0.0,0.0,1.0,63
163,CBC News,"#Analysis: The devastating war in Yemen hasn't been forgotten, an aid worker says, ""it's been ignored."" https://t.co/Lu5MmHY9lN @mevansCBC",Sat Jun 23 14:30:00 +0000 2018,-0.8193,0.067,0.33,0.603,64
164,CBC News,"RT @cbcnewsbc: Jogger crosses U.S. border by accident, detained by authorities for 2 weeks
https://t.co/TUsyOcajoe https://t.co/1x8bFu7nEF",Sat Jun 23 14:00:53 +0000 2018,-0.7003,0.0,0.309,0.691,65
165,CBC News,"One immigration lawyer says he sees ""a wall on the northern border for Canadian because of marijuana."" https://t.co/vSt5ukWVye @JPTasker",Sat Jun 23 13:30:00 +0000 2018,0.0,0.0,0.0,1.0,66
166,CBC News,RT @CBCMontreal: Baby dies in car after father forgets to bring child to daycare in Griffintown https://t.co/EjHMWkQhxB https://t.co/d14yZU‚Ä¶,Sat Jun 23 13:00:11 +0000 2018,0.0,0.0,0.0,1.0,67
167,CBC News,"Windsor-Detroit Bridge Authority fires back against ""untruths"" in ad that asks Trump to kill the Canadian-funded Go‚Ä¶ https://t.co/wmMuUJ8COt",Sat Jun 23 12:00:10 +0000 2018,-0.6597,0.059,0.214,0.727,68
168,CBC News,Trade issues with the U.S. have Canadians feeling more patriotic at the checkout counter https://t.co/EMExvFk2qC,Sat Jun 23 11:00:15 +0000 2018,0.128,0.097,0.0,0.903,69
169,CBC News,Ontario's doctors expected to return to the bargaining table next month with incoming Progressive Conservative gove‚Ä¶ https://t.co/h3zbAE4ftb,Sat Jun 23 10:00:12 +0000 2018,0.0,0.0,0.0,1.0,70
170,CBC News,Alberta's finance minister says he plans to keep raising concerns about Canada's newly extended equalization program https://t.co/XL9gUaG010,Sat Jun 23 09:00:23 +0000 2018,0.0,0.0,0.0,1.0,71
171,CBC News,"Relying on temp agency nurses lowers the quality of care and diminishes trust, former long-term care home administr‚Ä¶ https://t.co/Odhpe4gxKi",Sat Jun 23 08:00:09 +0000 2018,0.8481,0.37,0.057,0.573,72
172,CBC News,"""Embarassed"" CRA scam victim makes up false abduction story to save face https://t.co/gkm1pyIp6d",Sat Jun 23 07:00:02 +0000 2018,-0.7506,0.147,0.44,0.413,73
173,CBC News,Study finds that raccoons with easy access to human food waste are significantly heavier and are more likely to be‚Ä¶ https://t.co/U8kahD4szb,Sat Jun 23 06:00:09 +0000 2018,0.0258,0.117,0.113,0.769,74
174,CBC News,"In response to EU counter tariffs on bourbon, peanut butter and other American products, Trump threatens 20% U.S. t‚Ä¶ https://t.co/BwcvdBN928",Sat Jun 23 05:00:01 +0000 2018,-0.3818,0.0,0.12,0.88,75
175,CBC News,Trudeau fined $100 for failing to declare a pair of sunglasses he was gifted by P.E.I. Premier Wade MacLauchlan https://t.co/t5QkVEbNBr,Sat Jun 23 04:00:03 +0000 2018,-0.5106,0.0,0.155,0.845,76
176,CBC News,Giant telescope project back before Hawaii's Supreme Court https://t.co/OIm3ON0dEC,Sat Jun 23 03:00:20 +0000 2018,0.5574,0.31,0.0,0.69,77
177,CBC News,Six-month-old baby dies after being forgotten in a car all day in Montreal https://t.co/uqzzq5fsb7,Sat Jun 23 02:30:11 +0000 2018,-0.2263,0.0,0.137,0.863,78
178,CBC News,"Trump accuses Democrats of telling ""phoney stories of sadness and grief"" and asserts that the real victims of the U‚Ä¶ https://t.co/QSzpQvEIWh",Sat Jun 23 02:00:21 +0000 2018,-0.8689,0.0,0.388,0.612,79
179,CBC News,Chinese social media site Weibo censors discussion of Last Week Tonight and HBO host John Oliver after Oliver criti‚Ä¶ https://t.co/ZKr9dk6P4W,Sat Jun 23 01:30:11 +0000 2018,-0.296,0.0,0.104,0.896,80
180,CBC News,"RT @CBCTheNational: Watch #CBCTheNational LIVE for June 22 ‚Äî U.S. Immigration, Tariffs, RCMP Shortage https://t.co/epuWW3kzjv",Sat Jun 23 01:04:14 +0000 2018,-0.25,0.0,0.133,0.867,81
181,CBC News,Mass protests erupt in Spain after five men convicted of sexually assaulting a young woman at the Pamplona bull run‚Ä¶ https://t.co/3wCjWsQGxM,Sat Jun 23 01:00:18 +0000 2018,-0.6369,0.0,0.224,0.776,82
182,CBC News,"RT @cbcnewsbc: A jogger who accidentally crossed U.S. border from B.C. was detained for two weeks. 

So began a two-week nightmare that lan‚Ä¶",Sat Jun 23 00:38:09 +0000 2018,-0.6249,0.0,0.212,0.788,83
183,CBC News,Laylin Delorme found guilty of 1st degree murder and two counts of armed robbery for the killing of two Mac's conve‚Ä¶ https://t.co/fMiCHHIcIy,Sat Jun 23 00:30:06 +0000 2018,-0.9169,0.0,0.385,0.615,84
184,CBC News,RT @connie_walker: Canada also has a history of separating children from their parents. We explore the impacts of the #SixtiesScoop in our‚Ä¶,Sat Jun 23 00:12:56 +0000 2018,0.0,0.0,0.0,1.0,85
185,CBC News,Judge throws out key Crown witness evidence at Dellen Millard murder trial https://t.co/H6JOvNelpK,Sat Jun 23 00:00:31 +0000 2018,-0.6908,0.0,0.281,0.719,86
186,CBC News,"This Sudbury toddler was supposed to be asleep but was secretly working on his hockey skills instead.

Read more:‚Ä¶ https://t.co/Y3I1KPxNef",Fri Jun 22 23:30:21 +0000 2018,0.0,0.0,0.0,1.0,87
187,CBC News,Liberal government to buy three icebreakers for the Canadian Coast Guard from a Quebec shipyard https://t.co/rGnHKjedPe,Fri Jun 22 23:00:07 +0000 2018,0.0,0.0,0.0,1.0,88
188,CBC News,"Italy calls Malta's refusal to take in a ship of migrants rescued off the Libyan coast ""absurd"" and ""inhumane"" https://t.co/feCTyGA5Vo",Fri Jun 22 22:30:19 +0000 2018,0.4215,0.135,0.0,0.865,89
189,CBC News,"A version of Messenger Kids¬†is now available in Canada, but critics argue children aren't ready. https://t.co/DeODaaOaEN @mattbraga",Fri Jun 22 21:00:06 +0000 2018,-0.8208,0.0,0.38,0.62,90
190,CBC News,"The family of Selim Esen, one of the presumed victims of accused serial killer Bruce McArthur, has released its fir‚Ä¶ https://t.co/oqCA0w8JwE",Fri Jun 22 20:30:00 +0000 2018,-0.8316,0.0,0.328,0.672,91
191,CBC News,RT @cbcnewsbc: B.C. Crown says polygamous leader took 15-year-old girl across border for sex https://t.co/C6ydSPndVx https://t.co/KMTI91wq9n,Fri Jun 22 20:00:18 +0000 2018,0.0,0.0,0.0,1.0,92
192,CBC News,Pushing back against critics of his administration's policy of separating migrant families at the U.S-Mexico border‚Ä¶ https://t.co/dAYS43Jj2I,Fri Jun 22 19:59:38 +0000 2018,-0.296,0.0,0.121,0.879,93
193,CBC News,The federal Liberal government quietly extended the current equalization payment formula until 2024 ‚Äî without negot‚Ä¶ https://t.co/6Em97EegPS,Fri Jun 22 19:30:19 +0000 2018,0.0,0.0,0.0,1.0,94
194,CBC News,"RT @CBCNL: üé∂ Spider-Grape, Spider-Grape, does whatever a Spider-Grape does üé∂

St. John's woman finds black widow in her fruit

https://t.co‚Ä¶",Fri Jun 22 19:00:35 +0000 2018,0.0,0.0,0.0,1.0,95
195,CBC News,"RT @CBCIndigenous: Message of National Indigenous Peoples Day should be heard all year, Elijah Harper's son says https://t.co/CrAO9oeYCR ht‚Ä¶",Fri Jun 22 18:45:00 +0000 2018,0.0,0.0,0.0,1.0,96
196,CBC News,Trump talks about immigration and crime https://t.co/5Ec07AyopM,Fri Jun 22 18:39:55 +0000 2018,-0.5423,0.0,0.368,0.632,97
197,CBC News,North and South Korea have agreed to hold temporary reunions of families divided by the Korean War. https://t.co/0WaKL9pVe0,Fri Jun 22 18:30:11 +0000 2018,-0.4215,0.095,0.177,0.727,98
198,CBC News,Russia says the evidence the U.S. and its allies have used to accuse the Syrian government of launching chemical at‚Ä¶ https://t.co/Cu4GdNQ7Ig,Fri Jun 22 18:15:01 +0000 2018,-0.2023,0.0,0.083,0.917,99
199,CBC News,"RT @cbcsports: Nigeria's win over Iceland sets up showdown with Argentina

#worldcup

#NGA #ISL 
https://t.co/A2rOGTLJ5h https://t.co/7zwTS‚Ä¶",Fri Jun 22 17:46:29 +0000 2018,0.5859,0.202,0.0,0.798,100
200,CNN,Every single person in charge of law and order in this Georgia town is a black woman https://t.co/fkQvdWFMJ1 https://t.co/3rvP1ka6rS,Sun Jun 24 23:00:18 +0000 2018,0.0,0.0,0.0,1.0,1
201,CNN,Border patrol agents are stopping people on highways in New England to check their citizenship‚Ä¶ https://t.co/dC3vpcFQiL,Sun Jun 24 22:42:02 +0000 2018,-0.1531,0.0,0.096,0.904,2
202,CNN,"Amid the furor over the policy that resulted in thousands of families separated at the border, Department of Homela‚Ä¶ https://t.co/b4x3boVNGf",Sun Jun 24 22:24:40 +0000 2018,0.0,0.0,0.0,1.0,3
203,CNN,"This detained mom has no idea where her son is, so she wrote a letter to him
https://t.co/Upbj2XLYzt https://t.co/zxc1B6vSeM",Sun Jun 24 22:00:04 +0000 2018,-0.5994,0.0,0.234,0.766,4
204,CNN,"Teenage boy reported missing from a Texas facility that cares for migrants, police say https://t.co/xcYzobQG85 https://t.co/eSNfegPu5q",Sun Jun 24 21:43:36 +0000 2018,0.2023,0.165,0.121,0.714,5
205,CNN,"Turkish President Recep Tayyip Erdogan has declared victory in Turkey‚Äôs presidential elections, but he says the res‚Ä¶ https://t.co/iaE80GhP1V",Sun Jun 24 21:37:00 +0000 2018,0.0,0.0,0.0,1.0,6
206,CNN,Mo Salah is considering quitting the Egyptian national team due to unhappiness over his #WorldCup Chechnya controve‚Ä¶ https://t.co/qG0b9xop9B,Sun Jun 24 21:25:04 +0000 2018,-0.5267,0.0,0.167,0.833,7
207,CNN,"""It's a disturbing picture. There are children by themselves. They're all on concrete floors in cages... there's ju‚Ä¶ https://t.co/11HhW3gpI0",Sun Jun 24 21:24:34 +0000 2018,-0.5106,0.0,0.163,0.837,8
208,CNN,Linkin Park singer Chester Bennington's widow Talinda tells @AndersonCooper that there were warning signs before he‚Ä¶ https://t.co/HjGTvTE356,Sun Jun 24 21:01:36 +0000 2018,-0.34,0.0,0.13,0.87,9
209,CNN,Jurassic World sequel crosses $700 million at the global box office https://t.co/GZjKPlKaOC https://t.co/v18Wbmo6es,Sun Jun 24 20:59:06 +0000 2018,0.0,0.0,0.0,1.0,10
210,CNN,"Lena Dunham, Sia, Amber Heard and other stars visited the border city of Tornillo, Texas, to protest the Trump admi‚Ä¶ https://t.co/Q3H6TyZaMp",Sun Jun 24 20:40:39 +0000 2018,-0.25,0.0,0.091,0.909,11
211,CNN,"Turkish President Recep Tayyip Erdogan has declared victory in Turkey‚Äôs presidential elections, but he says the res‚Ä¶ https://t.co/xh1Kyy08XL",Sun Jun 24 20:13:06 +0000 2018,0.0,0.0,0.0,1.0,12
212,CNN,"""We've been waiting for this moment for such a long time, and now finally it's here!"" Saudi women tell @CNN how the‚Ä¶ https://t.co/0Hr1CZDMOK",Sun Jun 24 20:00:01 +0000 2018,0.0,0.0,0.0,1.0,13
213,CNN,Erdogan declares victory in Turkish election https://t.co/IZzVbR5QOH https://t.co/Yf386oP3FW,Sun Jun 24 19:52:22 +0000 2018,0.0,0.0,0.0,1.0,14
214,CNN,Two San Diego Police officers were shot after they breached an apartment that smelled of smoke on Saturday night‚Ä¶ https://t.co/TxpF9IDYsy,Sun Jun 24 19:42:11 +0000 2018,0.0,0.0,0.0,1.0,15
215,CNN,"Jane Clementi, whose 18-year-old son, Tyler Clementi, died by suicide after being bullied online, tells‚Ä¶ https://t.co/PoXSQWbr3n",Sun Jun 24 19:01:26 +0000 2018,-0.9217,0.0,0.484,0.516,16
216,CNN,"""Quit trying to make us feel teary-eyed for the children. Yes, I love children a great deal, but to me, it's up to‚Ä¶ https://t.co/lmpTK1cigE",Sun Jun 24 18:54:05 +0000 2018,0.7184,0.269,0.0,0.731,17
217,CNN,"Otzi, a 5,300-year-old glacier mummy found in the Italian Alps, is older than the Giza pyramids and Stonehenge. The‚Ä¶ https://t.co/p9hIsIR3PM",Sun Jun 24 18:40:04 +0000 2018,0.0,0.0,0.0,1.0,18
218,CNN,"New Zealand Prime Minister Jacinda Ardern revealed the name of her baby girl, Neve. Ardern is the first world leade‚Ä¶ https://t.co/UJ6luDgAG7",Sun Jun 24 18:27:05 +0000 2018,0.0,0.0,0.0,1.0,19
219,CNN,Preliminary results in Turkey's snap elections show President Recep Tayyip Erdogan in the lead over his nearest riv‚Ä¶ https://t.co/MrwofWRIYL,Sun Jun 24 18:14:04 +0000 2018,0.0,0.0,0.0,1.0,20
220,CNN,England record biggest ever #WorldCup win after putting six goals past Panama https://t.co/7mKw5AYwMC,Sun Jun 24 18:04:49 +0000 2018,0.5859,0.241,0.0,0.759,21
221,CNN,"At least five people were injured when an explosion, followed by a fire, tore through an apartment building in Germ‚Ä¶ https://t.co/h8jALtiBr0",Sun Jun 24 17:49:40 +0000 2018,-0.6249,0.0,0.221,0.779,22
222,CNN,Late Japan equalizer from Keisuke Honda stalls Senegal's surge toward the last-16 of the World Cup to ensure Group‚Ä¶ https://t.co/d7U98CLtMv,Sun Jun 24 17:36:08 +0000 2018,0.3818,0.12,0.0,0.88,23
223,CNN,This teenager volunteered her skills in sign language to help a blind and deaf man on a cross-country flight https://t.co/lGQN2xAqYD,Sun Jun 24 17:23:08 +0000 2018,0.0,0.126,0.126,0.748,24
224,CNN,"""We have been encouraging illegal immigration,"" says Wisconsin GOP Sen. Ron Johnson https://t.co/aykSJGyRQd https://t.co/M0I1EIe7LG",Sun Jun 24 17:11:04 +0000 2018,-0.0516,0.179,0.189,0.632,25
225,CNN,Two San Diego Police officers were shot after they breached an apartment that smelled of smoke on Saturday night‚Ä¶ https://t.co/o6cB4N2UTd,Sun Jun 24 17:00:04 +0000 2018,0.0,0.0,0.0,1.0,26
226,CNN,Preliminary results in Turkey's snap elections show President Recep Tayyip Erdogan in the lead over his nearest riv‚Ä¶ https://t.co/SmXwbmzBCv,Sun Jun 24 16:45:10 +0000 2018,0.0,0.0,0.0,1.0,27
227,CNN,"Almost 350 migrants are stranded on two boats in the Mediterranean, including a Danish cargo ship, as a standoff be‚Ä¶ https://t.co/LVV7sxmR6L",Sun Jun 24 16:34:03 +0000 2018,0.0,0.0,0.0,1.0,28
228,CNN,The Trump administration is releasing its plan for putting back together the thousands of families it separated at‚Ä¶ https://t.co/rYcluUlagk,Sun Jun 24 16:22:06 +0000 2018,0.0,0.0,0.0,1.0,29
229,CNN,At least two people were killed and more than 100 injured in an explosion Saturday at a rally attended by Ethiopian‚Ä¶ https://t.co/HHd8ABYtIz,Sun Jun 24 16:11:06 +0000 2018,-0.8158,0.0,0.282,0.718,30
230,CNN,Prince William arrived in Jordan on the first stop of a five-day Middle East tour that will also take him to Israel‚Ä¶ https://t.co/dJf3LsSkeP,Sun Jun 24 16:00:09 +0000 2018,-0.296,0.0,0.095,0.905,31
231,CNN,"The U.S. Navy announced Saturday the death of Lt. Christopher Carey Short, a pilot who died in a plane crash during‚Ä¶ https://t.co/NerrjVcbH3",Sun Jun 24 15:49:04 +0000 2018,-0.8807,0.0,0.375,0.625,32
232,CNN,"At least five people were injured when an explosion, followed by a fire, tore through an apartment building in Germ‚Ä¶ https://t.co/pLCcY2Tfbp",Sun Jun 24 15:38:16 +0000 2018,-0.6249,0.0,0.221,0.779,33
233,CNN,Jurassic World sequel crosses $700 million at the global box office https://t.co/IlBYCnKzHy https://t.co/BzWEZ1agSv,Sun Jun 24 15:25:18 +0000 2018,0.0,0.0,0.0,1.0,34
234,CNN,England qualified for the last 16 of the World Cup with a thumping 6-1 victory over Panama Sunday in a sweltering N‚Ä¶ https://t.co/1JGu5AXkWH,Sun Jun 24 15:12:05 +0000 2018,0.0,0.0,0.0,1.0,35
235,CNN,Mo Salah is considering quitting the Egyptian national team due to unhappiness over his #WorldCup Chechnya controve‚Ä¶ https://t.co/M0kxmAJXl0,Sun Jun 24 14:20:49 +0000 2018,-0.5267,0.0,0.167,0.833,36
236,CNN,Are Canadians really as nice as most Americans think they are? @WKamauell talks to proud Canadian @therealrussellp‚Ä¶ https://t.co/U0yeOqBxgK,Sun Jun 24 14:15:06 +0000 2018,0.7334,0.279,0.0,0.721,37
237,CNN,England record biggest ever #WorldCup win after putting six goals past Panama https://t.co/pRTqvMtIcm,Sun Jun 24 14:05:25 +0000 2018,0.5859,0.241,0.0,0.759,38
238,CNN,"""Thirty years after my brother's death, I still ask why"": @AndersonCooper remembers his brother, Carter, who died b‚Ä¶ https://t.co/h93UYhWxo1",Sun Jun 24 14:00:12 +0000 2018,-0.8176,0.0,0.319,0.681,39
239,CNN,Democratic Rep. Barbara Lee of California describes her visit to detention facilities on the US-Mexico border and s‚Ä¶ https://t.co/nmsKObhh3K,Sun Jun 24 13:48:26 +0000 2018,-0.3612,0.0,0.122,0.878,40
240,CNN,"Sen. Bernie Sanders: President Trump needs to ""make it clear that the United States of America is not a nation whic‚Ä¶ https://t.co/DZH2lkQ1p6",Sun Jun 24 13:31:10 +0000 2018,0.6597,0.221,0.0,0.779,41
241,CNN,"Democratic Sen. Jeff Merkley is ""exploring the possibility"" of throwing his hat in the ring in the 2020 presidentia‚Ä¶ https://t.co/cUN7NCn4gg",Sun Jun 24 13:30:14 +0000 2018,0.0,0.0,0.0,1.0,42
242,CNN,Sen. Ron Johnson says the most recent information he has from the Department of Homeland Security is that ‚Äúabout 21‚Ä¶ https://t.co/8FvQPMeViz,Sun Jun 24 13:12:09 +0000 2018,0.34,0.107,0.0,0.893,43
243,CNN,"American Outdoor Brands, the gun maker that owns the iconic Smith &amp; Wesson line of firearms, reported plunging sale‚Ä¶ https://t.co/x3lGJgBThv",Sun Jun 24 13:00:18 +0000 2018,-0.34,0.0,0.112,0.888,44
244,CNN,This teenager volunteered her skills in sign language to help a blind and deaf man on a cross-country flight https://t.co/HDoL65TKwO,Sun Jun 24 12:31:03 +0000 2018,0.0,0.126,0.126,0.748,45
245,CNN,"Former Trump campaign manager Corey Lewandowski has been dropped by his speakers bureau after saying ""womp womp"" re‚Ä¶ https://t.co/608JmBtvS9",Sun Jun 24 12:30:17 +0000 2018,0.0,0.0,0.0,1.0,46
246,CNN,"New Zealand Prime Minister Jacinda Ardern and her partner Clarke Gayford have revealed the name of their baby girl,‚Ä¶ https://t.co/SrBM771oZg",Sun Jun 24 12:12:06 +0000 2018,0.0,0.0,0.0,1.0,47
247,CNN,"A Chicago teen, shot in the head, was covered with a sheet by paramedics. He died nearly a day later.‚Ä¶ https://t.co/ZRyOiHPkQX",Sun Jun 24 12:00:17 +0000 2018,-0.5574,0.0,0.175,0.825,48
248,CNN,Recreational marijuana use will soon be legal in Canada https://t.co/UNVKKJZDuP https://t.co/eTODylDScV,Sun Jun 24 11:45:04 +0000 2018,0.128,0.13,0.0,0.87,49
249,CNN,"In the constellation of Sagittarius, three infant planets have been found orbiting a young star 330 light-years fro‚Ä¶ https://t.co/01FNZXyuQz",Sun Jun 24 11:31:00 +0000 2018,0.0,0.0,0.0,1.0,50
250,CNN,"""We've been waiting for this moment for such a long time, and now finally it's here!"" Saudi women tell @CNN how the‚Ä¶ https://t.co/R485BiQFn9",Sun Jun 24 11:30:50 +0000 2018,0.0,0.0,0.0,1.0,51
251,CNN,New Zealand Prime Minister Jacinda Ardern became the first world leader in nearly 30 years to have a child while in‚Ä¶ https://t.co/3TRRXivoWo,Sun Jun 24 11:30:09 +0000 2018,0.0,0.0,0.0,1.0,52
252,CNN,Every single person in charge of law and order in this Georgia town is a black woman https://t.co/kUpZ4JAiXW https://t.co/3PuuRJjkRV,Sun Jun 24 11:15:05 +0000 2018,0.0,0.0,0.0,1.0,53
253,CNN,A 9-year-old boy in Greece permanently injured his left eye when he repeatedly gazed into a laser pointer's green b‚Ä¶ https://t.co/utAi8QBck9,Sun Jun 24 11:01:05 +0000 2018,-0.4019,0.0,0.13,0.87,54
254,CNN,"This major exhibition by renowned glass artist Dale Chihuly marks the first time George Vanderbilt's descendants, w‚Ä¶ https://t.co/9Bz4dBcHA5",Sun Jun 24 10:31:00 +0000 2018,0.0,0.0,0.0,1.0,55
255,CNN,"Koko, the gorilla who mastered sign language, died in her sleep at age 46, The Gorilla Foundation says. She was sai‚Ä¶ https://t.co/044ZrSk44E",Sun Jun 24 10:30:06 +0000 2018,-0.5574,0.0,0.146,0.854,56
256,CNN,"""I feel like I'm surprised -- am I really driving in my own country? I feel happy, relieved. I feel like I'm free.""‚Ä¶ https://t.co/zjyEr71gKg",Sun Jun 24 10:22:18 +0000 2018,0.9042,0.452,0.0,0.548,57
257,CNN,This school in Virginia is switching its name from that of a Confederate general to Barack Obama Elementary School‚Ä¶ https://t.co/dL3WAn0N1l,Sun Jun 24 10:15:07 +0000 2018,0.0,0.0,0.0,1.0,58
258,CNN,Italian scholars claim they have unearthed the first known piece by Renaissance genius Leonardo Da Vinci‚Ä¶ https://t.co/NvoOCFewz8,Sun Jun 24 10:01:08 +0000 2018,0.0,0.0,0.0,1.0,59
259,CNN,"First, it was a small bump under her left eye. Five days later, it appeared above the eye. Her upper lip was bulgin‚Ä¶ https://t.co/Cbxh6zI03z",Sun Jun 24 09:45:08 +0000 2018,0.0,0.0,0.0,1.0,60
260,CNN,"After three years of restoration at Yosemite National Park, some of the world's biggest trees are ready to view aga‚Ä¶ https://t.co/vbXfWJgqHH",Sun Jun 24 09:31:00 +0000 2018,0.3612,0.111,0.0,0.889,61
261,CNN,What to know about Sunday's BET Awards https://t.co/bgqHsqkyvI https://t.co/W0GuvMBOrW,Sun Jun 24 09:15:05 +0000 2018,0.4588,0.273,0.0,0.727,62
262,CNN,"At the stroke of midnight on Sunday, Saudi women were legally allowed to drive for the first time - and they've was‚Ä¶ https://t.co/atuQGWYI4R",Sun Jun 24 09:08:45 +0000 2018,0.1027,0.062,0.0,0.938,63
263,CNN,"Otzi, a 5,300-year-old glacier mummy found in the Italian Alps, is older than the Giza pyramids and Stonehenge. The‚Ä¶ https://t.co/1xh6kxtsa2",Sun Jun 24 09:01:06 +0000 2018,0.0,0.0,0.0,1.0,64
264,CNN,Polls have opened across Turkey in a snap vote as President Recep Tayyip Erdogan faces his biggest electoral threat‚Ä¶ https://t.co/F9iOxUwkMi,Sun Jun 24 08:55:07 +0000 2018,0.0,0.0,0.0,1.0,65
265,CNN,"""Quit trying to make us feel teary-eyed for the children. Yes, I love children a great deal, but to me, it's up to‚Ä¶ https://t.co/fcd7L5d2GK",Sun Jun 24 08:45:03 +0000 2018,0.7184,0.269,0.0,0.731,66
266,CNN,"A West Virginia couple says a hospital mixed up two newborn babies, after the mother showed off one baby to relativ‚Ä¶ https://t.co/2sGbVvE0TM",Sun Jun 24 08:31:00 +0000 2018,0.0,0.0,0.0,1.0,67
267,CNN,There's nearly a Nixon 1974 level of public support for impeaching President Trump | Analysis by @zbyronwolf¬†‚Ä¶ https://t.co/Jx47eHmlvZ,Sun Jun 24 08:15:04 +0000 2018,0.4019,0.153,0.0,0.847,68
268,CNN,"Saudi Arabia has lifted its longstanding ban on women driving, after years of campaigning by activists who have som‚Ä¶ https://t.co/kB6LjW67qi",Sun Jun 24 08:12:50 +0000 2018,-0.5574,0.0,0.159,0.841,69
269,CNN,"President Trump claims crime in Germany ""is way up."" 

But data from the German government shows that 2017 saw the‚Ä¶ https://t.co/A4VJolafXM",Sun Jun 24 08:01:03 +0000 2018,-0.5423,0.0,0.149,0.851,70
270,CNN,"Tiny house living may not be for everyone, but tiny house resorts have popped up all over the country, offering eve‚Ä¶ https://t.co/FXhieCJ4L4",Sun Jun 24 07:31:00 +0000 2018,0.0,0.0,0.0,1.0,71
271,CNN,"The US government might send up to 20,000 undocumented immigrant children to housing on US military bases, two defe‚Ä¶ https://t.co/9hValJExkU",Sun Jun 24 07:15:05 +0000 2018,0.0,0.0,0.0,1.0,72
272,CNN,"""Black Panther"" star Chadwick Boseman was accepting an MTV award for playing a superhero when he invited James Shaw‚Ä¶ https://t.co/OD3nnJZ8Qy",Sun Jun 24 07:01:06 +0000 2018,0.7845,0.331,0.0,0.669,73
273,CNN,"American Outdoor Brands, the gun maker that owns the iconic Smith &amp; Wesson line of firearms, reported plunging sale‚Ä¶ https://t.co/iLeCrBLt0g",Sun Jun 24 06:45:09 +0000 2018,-0.34,0.0,0.112,0.888,74
274,CNN,"83-year-old artist Christo has been creating conceptually challenging, and large-scale work since the late 1950s. N‚Ä¶ https://t.co/LydzzGCWIY",Sun Jun 24 06:31:00 +0000 2018,0.4215,0.202,0.0,0.798,75
275,CNN,"Americans born into poverty are more likely than ever before to stay that way under the Trump administration, accor‚Ä¶ https://t.co/9sqvjBIjtF",Sun Jun 24 06:15:06 +0000 2018,-0.5106,0.0,0.148,0.852,76
276,CNN,T-shirt makers are riffing on Melania Trump's jacket and donating the proceeds to refugee services‚Ä¶ https://t.co/em0ZXn5nsW,Sun Jun 24 06:00:11 +0000 2018,0.0,0.0,0.0,1.0,77
277,CNN,"First, it was a small bump under her left eye. Five days later, it appeared above the eye. Her upper lip was bulgin‚Ä¶ https://t.co/gVvXpvRb2x",Sun Jun 24 05:45:08 +0000 2018,0.0,0.0,0.0,1.0,78
278,CNN,This is how KitKats are made https://t.co/4EErNERWNW https://t.co/7RQ1knBF7Q,Sun Jun 24 05:31:00 +0000 2018,0.0,0.0,0.0,1.0,79
279,CNN,"How soybeans -- yes, soybeans -- could impact the midterm elections https://t.co/TDuL7njBVA https://t.co/GT7laD4Cco",Sun Jun 24 05:15:04 +0000 2018,0.4019,0.184,0.0,0.816,80
280,CNN,The introduction of HPV vaccines in England led to an 86% reduction in rates of the cancer-causing infection https://t.co/dMio3f1gf5,Sun Jun 24 05:01:02 +0000 2018,0.0,0.0,0.0,1.0,81
281,CNN,New Zealand Prime Minister Jacinda Ardern became the first world leader in nearly 30 years to have a child while in‚Ä¶ https://t.co/zvZ4WaPK03,Sun Jun 24 04:45:05 +0000 2018,0.0,0.0,0.0,1.0,82
282,CNN,"Jim Davis introduced the world to Garfield on June 19, 1978. Since then the comic strip character has spun off TV s‚Ä¶ https://t.co/VRdLrSiA1l",Sun Jun 24 04:31:00 +0000 2018,0.0,0.0,0.0,1.0,83
283,CNN,Every single person in charge of law and order in this Georgia town is a black woman https://t.co/O49ppicmkX https://t.co/psgCDVTNrH,Sun Jun 24 04:15:06 +0000 2018,0.0,0.0,0.0,1.0,84
284,CNN,Canada becomes the second nation in the world to legalize marijuana https://t.co/hDpMyJpV2r https://t.co/DS8KdRsvnP,Sun Jun 24 04:01:09 +0000 2018,0.0,0.0,0.0,1.0,85
285,CNN,Every single person in charge of law and order in this Georgia town is a black woman https://t.co/xvTFHyxybd https://t.co/5SMVe3yHDZ,Sun Jun 24 03:15:05 +0000 2018,0.0,0.0,0.0,1.0,86
286,CNN,"The US government might send up to 20,000 undocumented immigrant children to housing on US military bases, two defe‚Ä¶ https://t.co/nauartDBjk",Sun Jun 24 03:00:19 +0000 2018,0.0,0.0,0.0,1.0,87
287,CNN,"Democratic Sen. Jeff Merkley is ""exploring the possibility"" of throwing his hat in the ring in the 2020 presidentia‚Ä¶ https://t.co/3UJ1iiRNPe",Sun Jun 24 02:45:08 +0000 2018,0.0,0.0,0.0,1.0,88
288,CNN,There's nearly a Nixon 1974 level of public support for impeaching President Trump | Analysis by @zbyronwolf¬†‚Ä¶ https://t.co/GMUkVqRSLy,Sun Jun 24 02:30:11 +0000 2018,0.4019,0.153,0.0,0.847,89
289,CNN,"""Quit trying to make us feel teary-eyed for the children. Yes, I love children a great deal, but to me, it's up to‚Ä¶ https://t.co/SEaMngzwGk",Sun Jun 24 02:15:08 +0000 2018,0.7184,0.269,0.0,0.731,90
290,CNN,"How soybeans -- yes, soybeans -- could impact the midterm elections https://t.co/5sqhbAmTWG https://t.co/oMoqtG4fHM",Sun Jun 24 02:00:17 +0000 2018,0.4019,0.184,0.0,0.816,91
291,CNN,"First, it was a small bump under her left eye. Five days later, it appeared above the eye. Her upper lip was bulgin‚Ä¶ https://t.co/nqB0DFpxCY",Sun Jun 24 01:45:04 +0000 2018,0.0,0.0,0.0,1.0,92
292,CNN,A far-right pundit appointed to a post at the Department of Health and Human Services listed on her resume past wor‚Ä¶ https://t.co/70SIM5cI8a,Sun Jun 24 01:15:06 +0000 2018,0.0,0.0,0.0,1.0,93
293,CNN,T-shirt makers are riffing on Melania Trump's jacket and donating the proceeds to refugee services‚Ä¶ https://t.co/srVAEOXfvq,Sun Jun 24 01:00:11 +0000 2018,0.0,0.0,0.0,1.0,94
294,CNN,"About 9,000 bourbon barrels plummeted to the ground at Barton 1792 Distillery, home of the brand 1792 Bourbon‚Ä¶ https://t.co/jWjx3ZnEua",Sun Jun 24 00:45:04 +0000 2018,0.0,0.0,0.0,1.0,95
295,CNN,"""It's like they're putting a knife in your chest and killing you.""

A Guatemalan immigrant was reunited with her so‚Ä¶ https://t.co/IKyVlKftoU",Sun Jun 24 00:15:07 +0000 2018,-0.4404,0.105,0.184,0.711,96
296,CNN,The Republican nominee for a US House seat in New Jersey has said diversity leads to Muslims killing Christians and‚Ä¶ https://t.co/MTVg7TRl3W,Sun Jun 24 00:00:13 +0000 2018,-0.6597,0.0,0.188,0.812,97
297,CNN,"Americans born into poverty are more likely than ever before to stay that way under the Trump administration, accor‚Ä¶ https://t.co/xwEll4QJ0I",Sat Jun 23 23:45:09 +0000 2018,-0.5106,0.0,0.148,0.852,98
298,CNN,"""I see mothers bury their sons. I want my mom to never feel that pain.""

Two years ago, Antwon Rose wrote those lin‚Ä¶ https://t.co/apTQLTotDk",Sat Jun 23 23:30:08 +0000 2018,0.0772,0.056,0.0,0.944,99
299,CNN,"Elvis Presley's abandoned private jet is up for auction. 

It last reached a price of $430,000 in 2017.‚Ä¶ https://t.co/KuCJPV8Kr6",Sat Jun 23 23:15:05 +0000 2018,-0.3818,0.069,0.147,0.784,100
300,Fox News,Pennsylvania man finds hope after years of addiction and despair https://t.co/dI9XtRqlnB https://t.co/qwVofwmCvt,Sun Jun 24 23:05:27 +0000 2018,0.1531,0.191,0.151,0.658,1
301,Fox News,Kansas City Royals signal interest in star college pitcher convicted of child sex abuse https://t.co/hhHKxUVGva,Sun Jun 24 23:00:23 +0000 2018,-0.296,0.149,0.208,0.644,2
302,Fox News,'Return of the Jedi' blaster used by Han Solo is sold at auction https://t.co/rO1HlcK9ra,Sun Jun 24 22:52:17 +0000 2018,0.0,0.0,0.0,1.0,3
303,Fox News,Work is underway to complete a Wounded Warrior center in California. Trace Gallagher has the story. #ProudAmerican https://t.co/tA4QqlpqHx,Sun Jun 24 22:45:56 +0000 2018,0.0,0.0,0.0,1.0,4
304,Fox News,"TONIGHT: Don't miss @TheRealJohnHCox, @HeyTammyBruce, @TezlynFigaro, and Shelby Steele from @HooverInst on‚Ä¶ https://t.co/cJSNzZb2Ml",Sun Jun 24 22:34:00 +0000 2018,0.1139,0.107,0.0,0.893,5
305,Fox News,Walgreens pharmacist allegedly denies Arizona woman miscarriage medicine over his personal beliefs https://t.co/Hm7dAOAhRD,Sun Jun 24 22:27:16 +0000 2018,-0.4215,0.0,0.189,0.811,6
306,Fox News,Thousands across the country are participating in protests to keep families together at the border.‚Ä¶ https://t.co/HstaHpm5uA,Sun Jun 24 22:14:51 +0000 2018,-0.2263,0.0,0.112,0.888,7
307,Fox News,President @realDonaldTrump's administration has provided an update on efforts to reunite separated migrant children‚Ä¶ https://t.co/2iLMvymJjW,Sun Jun 24 22:11:42 +0000 2018,0.0,0.0,0.0,1.0,8
308,Fox News,"Almost 16,000 US service members have died since 2006, mostly in the United States https://t.co/wAbbAdrNmH",Sun Jun 24 22:05:00 +0000 2018,-0.2023,0.144,0.186,0.67,9
309,Fox News,"Turkish President Erdogan claims victory, expanded powers in dual elections https://t.co/eyzJYzbWhf",Sun Jun 24 21:58:00 +0000 2018,0.0,0.0,0.0,1.0,10
310,Fox News,"Scientist shot dead in front of daughters, 2 and 4, during California camping trip https://t.co/4OqPHYkfUA",Sun Jun 24 21:49:51 +0000 2018,-0.6486,0.0,0.249,0.751,11
311,Fox News,Roseanne Barr breaks down in first interview since ABC fired her over racist tweet https://t.co/wumKDZWLsV,Sun Jun 24 21:33:56 +0000 2018,-0.8225,0.0,0.369,0.631,12
312,Fox News,Longtime Fox News contributor Charles Krauthammer was laid to rest Sunday in Maryland. https://t.co/eaJpvU4Urm https://t.co/KaoFqefEpR,Sun Jun 24 21:32:25 +0000 2018,0.0,0.0,0.0,1.0,13
313,Fox News,OPINION: Red Hen teaches Sarah Huckabee Sanders that Virginia is for PC bullies (not for lovers) https://t.co/WKm2nQfVS5,Sun Jun 24 21:24:00 +0000 2018,0.0,0.0,0.0,1.0,14
314,Fox News,"Teen on @AlaskaAir flight helps blind and deaf passenger traveling alone, goes viral https://t.co/cP9FTtmQCQ",Sun Jun 24 21:08:42 +0000 2018,-0.2732,0.142,0.257,0.601,15
315,Fox News,"RT @FoxNewsResearch: Social Security Disability Benefits:

‚Ä¢May: 8.63M recipients
‚Üí Peak: 8.96M in Sep 2014

‚Ä¢2017: Fewer than 1.5M applica‚Ä¶",Sun Jun 24 21:01:01 +0000 2018,0.6124,0.227,0.0,0.773,16
316,Fox News,.@RepGoodlatte suggests there is some DOJ resistance to transparency over the Russia probe. @Garrett_FoxNews has th‚Ä¶ https://t.co/kEkJQ0Ving,Sun Jun 24 20:54:17 +0000 2018,0.0,0.0,0.0,1.0,17
317,Fox News,".@JoePerticone: ""A 'red wave' is probably just [@POTUS] trying to talk up his own party and their accomplishments.""‚Ä¶ https://t.co/qEeRJjesU9",Sun Jun 24 20:43:56 +0000 2018,0.4019,0.13,0.0,0.87,18
318,Fox News,"The @BlueAngels took to the skies at the Vectren Dayton Air Show in Vandalia, Ohio. #ProudAmerican https://t.co/wS2FlZZI2o",Sun Jun 24 20:40:12 +0000 2018,0.0,0.0,0.0,1.0,19
319,Fox News,Glenn Beck walks out of tense CNN interview after Brian Stelter asks why his company was 'imploding' https://t.co/bpsbZ5MYwJ,Sun Jun 24 20:32:25 +0000 2018,-0.34,0.0,0.124,0.876,20
320,Fox News,".@RepDonBacon: ""I think it's really important that we keep the nuclear family together to respect the family. Howev‚Ä¶ https://t.co/u3uB70Q6ie",Sun Jun 24 20:28:11 +0000 2018,0.6361,0.234,0.0,0.766,21
321,Fox News,The @DHSgov has established a process to ensure families separated at the border can reunite. @ellisonbarber has th‚Ä¶ https://t.co/a0HwaLPH7i,Sun Jun 24 20:26:40 +0000 2018,0.3818,0.133,0.0,0.867,22
322,Fox News,"Earlier, @SenSchumer called on the Trump administration to appoint a Czar to help reunite the children that were se‚Ä¶ https://t.co/ABVGq5n8AM",Sun Jun 24 20:17:23 +0000 2018,0.4019,0.13,0.0,0.87,23
323,Fox News,"The government is working to reunite more than 2,000 migrant children with their parents. Jeff Paul has the story.‚Ä¶ https://t.co/sEf41NoSDC",Sun Jun 24 20:08:15 +0000 2018,0.0,0.0,0.0,1.0,24
324,Fox News,OPINION: Here's how to solve the immigration crisis  https://t.co/1G6C9nCJ1T,Sun Jun 24 20:00:04 +0000 2018,-0.5106,0.14,0.318,0.543,25
325,Fox News,".@RealCandaceO on Trump staffers facing backlash: ""What this tells me is that the Left has absolutely lost control.‚Ä¶ https://t.co/K1auGmGNgJ",Sun Jun 24 19:51:41 +0000 2018,-0.3804,0.0,0.126,0.874,26
326,Fox News,"RT @FoxNewsResearch: US War in Afghanistan:
‚Ä¢Began October 7, 2001
‚Ä¢Longest war in US history 
‚Ä¢Current troop level: ~15,000
‚Üí 3,000 more t‚Ä¶",Sun Jun 24 19:44:24 +0000 2018,-0.8316,0.0,0.281,0.719,27
327,Fox News,".@POTUS: ""I don't believe any administration, any president, has come even close to doing what we've done in the fi‚Ä¶ https://t.co/ULkJfAYjeb",Sun Jun 24 19:41:54 +0000 2018,0.0,0.0,0.0,1.0,28
328,Fox News,"John Murphy on retaliatory tariffs: ""The pain that it is going to inflict is going to be noticeable I think at a ne‚Ä¶ https://t.co/XzPEzHIXiC",Sun Jun 24 19:35:34 +0000 2018,-0.5106,0.0,0.136,0.864,29
329,Fox News,Border Patrol Union VP: Dem's Immigration Claims Couldn't Be 'Farther from the Truth' https://t.co/cS1FHWEQyq,Sun Jun 24 19:35:12 +0000 2018,0.3182,0.15,0.0,0.85,30
330,Fox News,Turkey President Erdogan holds big lead in elections https://t.co/aPLImPT4MB,Sun Jun 24 19:28:01 +0000 2018,0.0,0.0,0.0,1.0,31
331,Fox News,RT @EricShawnTV: When will all the children be reunited with their parents? Can Congressional action speed up the process? I anchor at 4 pm‚Ä¶,Sun Jun 24 19:24:03 +0000 2018,0.0,0.0,0.0,1.0,32
332,Fox News,"Fox News presents the moving story of Dr. Krauthammer‚Äôs life: ""Charles Krauthammer: His Words"" ‚Äì Tonight at 8p ET. https://t.co/pkjP9iQU1I",Sun Jun 24 19:22:00 +0000 2018,0.0,0.0,0.0,1.0,33
333,Fox News,"Jason Riley: ""The [Supreme Court] sort of let Congress off the hook...Congress had avoided fixing this problem...be‚Ä¶ https://t.co/P7KAwHFnaf",Sun Jun 24 19:15:18 +0000 2018,-0.34,0.0,0.124,0.876,34
334,Fox News,Red Hen eateries feel the heat after Sarah Sanders booted from Virginia restaurant with same name https://t.co/F5s1VameWM,Sun Jun 24 19:13:09 +0000 2018,0.0,0.0,0.0,1.0,35
335,Fox News,Michael Rapaport restrained American Airlines passenger who tried to open emergency door mid-flight https://t.co/Xmy8TUvb5y,Sun Jun 24 19:03:00 +0000 2018,-0.3818,0.0,0.167,0.833,36
336,Fox News,".@RichLowry remembers longtime Fox News contributor Charles Krauthammer: ""He was one of the great defenders of our‚Ä¶ https://t.co/UCleig9Mnq",Sun Jun 24 19:02:15 +0000 2018,0.6597,0.252,0.0,0.748,37
337,Fox News,FBI sends classified letter to House GOP on use of informants in Trump campaign https://t.co/o7KbSv0K3g,Sun Jun 24 18:57:01 +0000 2018,0.0,0.0,0.0,1.0,38
338,Fox News,McMaster hoping @realDonaldTrump visit will buoy his chances in South Carolina runoff https://t.co/D3IjjQOPvN,Sun Jun 24 18:53:00 +0000 2018,0.5574,0.295,0.0,0.705,39
339,Fox News,Statue of Toys 'R' Us mascot Geoffrey the Giraffe heading to children's hospital https://t.co/HGfHl3Nly3,Sun Jun 24 18:44:46 +0000 2018,0.0,0.0,0.0,1.0,40
340,Fox News,"Former DHS Sec. Jeh Johnson: ""We have an underlying humanitarian crisis on our southern border that we must deal wi‚Ä¶ https://t.co/I8HAQQ0PE0",Sun Jun 24 18:35:28 +0000 2018,-0.6249,0.0,0.17,0.83,41
341,Fox News,".@RepMcCaul: ""I am the eternal optimist and I do think there are 218 Republicans that agree with the four pillars o‚Ä¶ https://t.co/gjvnNAefxt",Sun Jun 24 18:24:55 +0000 2018,0.7096,0.237,0.0,0.763,42
342,Fox News,".@RepMcCaul: ""The fact is, every Democrat voted against a very [I think] rational DACA fix."" #FoxNewsSunday‚Ä¶ https://t.co/yauRB0mBrf",Sun Jun 24 18:23:42 +0000 2018,0.0,0.0,0.0,1.0,43
343,Fox News,".@RepMcCaul: ""Congress needs to act to close the legal loopholes that incentivize the coyotes to bring these childr‚Ä¶ https://t.co/P7TyL5TUpY",Sun Jun 24 18:21:19 +0000 2018,0.128,0.077,0.0,0.923,44
344,Fox News,'Sounds Like Donald Trump': Kaltbaum Calls Out Obama's Immigration Views from 2005 https://t.co/wsisiTkgyB,Sun Jun 24 18:18:56 +0000 2018,0.3612,0.172,0.0,0.828,45
345,Fox News,House immigration reform bill. #FoxNewsSunday https://t.co/lgpmmPplyD,Sun Jun 24 18:09:52 +0000 2018,0.0,0.0,0.0,1.0,46
346,Fox News,Dollywood sued for $2 million by mom who injured spinal cord on water park ride https://t.co/I4Tma6JOgM,Sun Jun 24 17:57:49 +0000 2018,-0.4019,0.0,0.153,0.847,47
347,Fox News,Explosion destroys building in Germany; 25 injured https://t.co/08i6GJOFhu https://t.co/FCdRMG5Di5,Sun Jun 24 17:51:26 +0000 2018,-0.743,0.0,0.474,0.526,48
348,Fox News,Red Hen eateries feel the heat after Sarah Sanders booted from Virginia restaurant with same name https://t.co/mCv5f61m8t,Sun Jun 24 17:43:52 +0000 2018,0.0,0.0,0.0,1.0,49
349,Fox News,"Sarah Sanders booted so restaurant could uphold 'certain standards,' co-owner says: report https://t.co/AAw9zwQ2R4",Sun Jun 24 17:32:40 +0000 2018,0.2732,0.149,0.0,0.851,50
350,Fox News,"RT @EricShawnTV: I anchor @FoxNews at 4pm EDT with @ArthelNeville: FBI official Peter Strozk's anti @POTUS @realDonaldTrump texts are ""deva‚Ä¶",Sun Jun 24 17:31:44 +0000 2018,-0.3182,0.0,0.113,0.887,51
351,Fox News,.@MichelleObama says her memoir is a 're-humanization' effort https://t.co/cjEWqcubKU,Sun Jun 24 17:27:04 +0000 2018,0.0,0.0,0.0,1.0,52
352,Fox News,"Fox News presents the moving story of Dr. Krauthammer‚Äôs life: ""Charles Krauthammer: His Words"" ‚Äì Tonight at 8p ET. https://t.co/1erdyE7aQo",Sun Jun 24 17:22:57 +0000 2018,0.0,0.0,0.0,1.0,53
353,Fox News,.@RepRussell: ‚ÄúLet‚Äôs fix legal immigration and let‚Äôs secure our border.‚Äù https://t.co/HjIAHIta4Z,Sun Jun 24 17:12:14 +0000 2018,0.4404,0.302,0.0,0.698,54
354,Fox News,Charles Krauthammer laid to rest today https://t.co/RU8AZ45fpd,Sun Jun 24 17:02:16 +0000 2018,0.0,0.0,0.0,1.0,55
355,Fox News,'Free like a bird': Saudi women start driving as longstanding ban ends https://t.co/HeD1vbhKjI https://t.co/yWBKEingiS,Sun Jun 24 16:46:59 +0000 2018,0.296,0.299,0.186,0.515,56
356,Fox News,"TONIGHT: Don't miss @TheRealJohnHCox, @HeyTammyBruce, @TezlynFigaro, and Shelby Steele from @HooverInst on‚Ä¶ https://t.co/CtofPiZDub",Sun Jun 24 16:33:00 +0000 2018,0.1139,0.107,0.0,0.893,57
357,Fox News,"‚ÄòDespair and Hope in America: Fox News Investigates‚Äô ‚Äì Don't miss part three of this special series on ‚ÄòFox Report,‚Ä¶ https://t.co/9fS86JrGLn",Sun Jun 24 16:23:00 +0000 2018,0.7557,0.305,0.0,0.695,58
358,Fox News,".@RepArrington: ‚ÄúWe need to keep the families together, that‚Äôs why Congress has to act. The president is doing what‚Ä¶ https://t.co/7Kn0aM5XPO",Sun Jun 24 16:21:49 +0000 2018,0.0,0.0,0.0,1.0,59
359,Fox News,".@RepArrington: ‚ÄúUltimately, it‚Äôs on Congress to fix our broken immigration process.‚Äù https://t.co/J65tCzLdBO",Sun Jun 24 16:18:13 +0000 2018,-0.4767,0.0,0.22,0.78,60
360,Fox News,Thousands protest amid immigration confusion; @Jeff_Journalist reports https://t.co/QPpugxRGmh,Sun Jun 24 16:16:22 +0000 2018,-0.4939,0.0,0.412,0.588,61
361,Fox News,BEAUTIFUL: A mother is brought to tears of joy when her one-year-old daughter reacts to hearing sound for the first‚Ä¶ https://t.co/dxcKIYlpnY,Sun Jun 24 16:09:42 +0000 2018,0.8192,0.309,0.07,0.622,62
362,Fox News,.@HowardKurtz on the legacy of Charles Krauthammer https://t.co/Q6UvwAgj6V,Sun Jun 24 16:04:55 +0000 2018,0.0,0.0,0.0,1.0,63
363,Fox News,US Navy IDs pilot killed in crash at New Mexico Air Force base https://t.co/R9MVCOsbIc,Sun Jun 24 15:46:29 +0000 2018,-0.802,0.0,0.375,0.625,64
364,Fox News,New video shows woman trying to resist YouTube stunt that killed boyfriend https://t.co/keSpcaNu0T,Sun Jun 24 15:41:31 +0000 2018,-0.6705,0.0,0.273,0.727,65
365,Fox News,"Fox News presents the moving story of Dr. Krauthammer‚Äôs life: ""Charles Krauthammer: His Words"" ‚Äì Tonight at 8p ET. https://t.co/IKYWaHI0wV",Sun Jun 24 15:22:00 +0000 2018,0.0,0.0,0.0,1.0,66
366,Fox News,"Veteran's small business is gifted $15,000 worth of lawn equipment after his gear is stolen https://t.co/xwWUPZrH91",Sun Jun 24 15:13:48 +0000 2018,-0.3182,0.099,0.168,0.733,67
367,Fox News,"Rabbi Evan Moffic: ‚ÄúIf we can‚Äôt share a meal together, if we can‚Äôt take a picture together and break bread together‚Ä¶ https://t.co/qlh8sJhlL7",Sun Jun 24 15:08:00 +0000 2018,0.296,0.104,0.0,0.896,68
368,Fox News,Report: North Korea Erasing Anti-U.S. Propaganda https://t.co/4lcyis6cKq,Sun Jun 24 15:02:00 +0000 2018,-0.25,0.0,0.25,0.75,69
369,Fox News,U.S. Army Honors Country Music Singer With Civilian Service Medal https://t.co/vbzDjadNA8,Sun Jun 24 14:56:10 +0000 2018,0.7506,0.416,0.0,0.584,70
370,Fox News,McCaul optimistic immigration bill will pass House despite Trump's lament about 'wasting time' https://t.co/0x7tqjg2sF,Sun Jun 24 14:45:50 +0000 2018,0.2686,0.259,0.146,0.595,71
371,Fox News,.@RepPeteKing: ‚ÄúI am totally opposed to sanctuary cities but under Bob Goodlatte‚Äôs bill it would‚Äôve cut off funding‚Ä¶ https://t.co/sKdUrD2RHj,Sun Jun 24 14:42:09 +0000 2018,-0.3919,0.0,0.128,0.872,72
372,Fox News,".@RepGoodlatte: ‚ÄúPeople are figuring out the loopholes, we‚Äôve got to close those.‚Äù #SundayFutures @MariaBartiromo https://t.co/VLu7HuyJTl",Sun Jun 24 14:38:34 +0000 2018,0.0,0.0,0.0,1.0,73
373,Fox News,TONIGHT: Don‚Äôt miss ‚ÄúFox Report with Jon Scott‚Äù at 6p ET on Fox News Channel! @JonScottFNC https://t.co/5CDPopdFQ1,Sun Jun 24 14:38:00 +0000 2018,-0.2244,0.0,0.106,0.894,74
374,Fox News,".@RepGoodlatte: ‚ÄúThere have been questions raised about the special counsel, but I have always said that they shoul‚Ä¶ https://t.co/Mwnie27QTv",Sun Jun 24 14:32:16 +0000 2018,0.2144,0.098,0.0,0.902,75
375,Fox News,Woman dubbed '#PermitPatty' appears to call cops on 8-year-old girl selling water in viral video https://t.co/w6H6DSnu3K,Sun Jun 24 14:15:05 +0000 2018,0.0,0.0,0.0,1.0,76
376,Fox News,"TONIGHT: Don't miss ""Life, Liberty, &amp; Levin"" with @marklevinshow - Tune in at 10p ET on Fox News Channel! https://t.co/Z3yYi0I1kG",Sun Jun 24 14:10:00 +0000 2018,-0.3867,0.067,0.143,0.79,77
377,Fox News,Maldives resorts fed up with Instagram models requesting free stays https://t.co/6fomUHtcTe,Sun Jun 24 14:09:16 +0000 2018,0.5106,0.248,0.0,0.752,78
378,Fox News,Eggo waffle sales are dwindling during ‚ÄòStranger Things‚Äô hiatus https://t.co/MOvQzml5bL,Sun Jun 24 14:05:44 +0000 2018,0.0,0.0,0.0,1.0,79
379,Fox News,"RT @FoxNewsSunday: .@RepMcCaul suggests ""zero tolerance"" policy may be revisited: ""It‚Äôs very unclear how this executive order's playing out‚Ä¶",Sun Jun 24 13:52:35 +0000 2018,0.1796,0.179,0.103,0.718,80
380,Fox News,U.S. Army Honors Country Star @cmorganmusic https://t.co/SCEJioC8Ri,Sun Jun 24 13:45:57 +0000 2018,0.5106,0.355,0.0,0.645,81
381,Fox News,Michelle Obama says her memoir is a 're-humanization' effort https://t.co/cjEWqcubKU,Sun Jun 24 13:41:07 +0000 2018,0.0,0.0,0.0,1.0,82
382,Fox News,RT @FoxBusiness: Sam Adams teams to support veteran-owned small businesses https://t.co/WAccGlFt2c,Sun Jun 24 13:28:31 +0000 2018,0.4019,0.213,0.0,0.787,83
383,Fox News,Charles Krauthammer to be laid to rest today https://t.co/xCL2PcxoFn https://t.co/qQ6o1fRAIM,Sun Jun 24 13:16:12 +0000 2018,0.0,0.0,0.0,1.0,84
384,Fox News,'Fixer Upper' stars Chip and Joanna Gaines welcome baby No. 5 https://t.co/J3Qef9MBrA,Sun Jun 24 13:14:39 +0000 2018,0.2023,0.211,0.155,0.634,85
385,Fox News,"Michael Malice: ‚ÄúI think if they are starting to take down anti-U.S. propaganda, this would be a major step towards‚Ä¶ https://t.co/hlsi6wZeTX",Sun Jun 24 12:54:03 +0000 2018,-0.25,0.0,0.095,0.905,86
386,Fox News,"Rabbi Evan Moffic: ‚ÄúIf we can‚Äôt share a meal together, if we can‚Äôt take a picture together and break bread together‚Ä¶ https://t.co/Wq7PUhdZB5",Sun Jun 24 12:47:22 +0000 2018,0.296,0.104,0.0,0.896,87
387,Fox News,'Free like a bird': Saudi women start driving as longstanding ban ends https://t.co/HeD1vbhKjI,Sun Jun 24 12:43:47 +0000 2018,0.296,0.315,0.196,0.489,88
388,Fox News,Priest suspended after viral video shows him slapping baby during baptism https://t.co/m2Dvr3GP0w,Sun Jun 24 12:33:04 +0000 2018,-0.4767,0.0,0.22,0.78,89
389,Fox News,"‚ÄòDespair and Hope in America: Fox News Investigates‚Äô ‚Äì Don't miss part three of this special series on ‚ÄòFox Report,‚Ä¶ https://t.co/2Pg8SxPlsp",Sun Jun 24 12:23:00 +0000 2018,0.7557,0.305,0.0,0.695,90
390,Fox News,"Sarah Sanders booted so restaurant could uphold 'certain standards,' co-owner says: report https://t.co/AAw9zwQ2R4",Sun Jun 24 12:19:30 +0000 2018,0.2732,0.149,0.0,0.851,91
391,Fox News,Cop killer who murdered New York police officer in 1973 granted parole https://t.co/sXmCUKqko1,Sun Jun 24 11:58:26 +0000 2018,-0.8271,0.097,0.42,0.483,92
392,Fox News,Alligator goes for a swim at Florida beach https://t.co/v764I8DRNP,Sun Jun 24 11:49:13 +0000 2018,0.0,0.0,0.0,1.0,93
393,Fox News,TODAY: Don't miss @RepMcCaul's exclusive interview on @FoxNewsSunday. Check your local listings and tune in to Fox‚Ä¶ https://t.co/K9zumNTkf9,Sun Jun 24 11:37:00 +0000 2018,0.0191,0.077,0.073,0.85,94
394,Fox News,"Veteran's small business is gifted $15,000 worth of lawn equipment after his gear is stolen https://t.co/xwWUPZa6ht",Sun Jun 24 11:36:42 +0000 2018,-0.3182,0.099,0.168,0.733,95
395,Fox News,Explosion destroys building in Germany; 25 injured https://t.co/08i6GJOFhu,Sun Jun 24 11:29:46 +0000 2018,-0.743,0.0,0.512,0.488,96
396,Fox News,World's Ugliest Dog title goes to English bulldog named Zsa Zsa https://t.co/ULzFTGFgc1,Sun Jun 24 11:25:55 +0000 2018,-0.5859,0.0,0.257,0.743,97
397,Fox News,.@henrymcmaster: ‚ÄúWe‚Äôre pulling for her. Katie‚Ä¶ she‚Äôs a real fighter.‚Äù https://t.co/LF1KRUe30M https://t.co/SUVaFiqatJ,Sun Jun 24 11:23:20 +0000 2018,0.0,0.0,0.0,1.0,98
398,Fox News,"Fox News presents the moving story of Dr. Krauthammer‚Äôs life: ""Charles Krauthammer: His Words"" ‚Äì Tonight at 8p ET. https://t.co/DNuFs4zD3c",Sun Jun 24 11:17:35 +0000 2018,0.0,0.0,0.0,1.0,99
399,Fox News,Saudi women are now driving as longstanding ban ends https://t.co/l96yWpjWDn https://t.co/ocG39vPi8Z,Sun Jun 24 11:17:03 +0000 2018,-0.5574,0.0,0.265,0.735,100
400,The New York Times,"This year‚Äôs list of the World‚Äôs 50 Best Restaurants was revealed in Bilbao, Spain https://t.co/ZNrTRU48cm",Sun Jun 24 23:06:36 +0000 2018,0.6369,0.231,0.0,0.769,1
401,The New York Times,"‚ÄúWhat country are you a citizen of?"" the Border Patrol agent asked a driver at a highway checkpoint in Maine https://t.co/JDvaeMfOxs",Sun Jun 24 22:49:19 +0000 2018,0.0,0.0,0.0,1.0,2
402,The New York Times,Scientists are wondering why an ozone-layer destroying gas is hanging in the air. Come along as we follow a trail o‚Ä¶ https://t.co/avInLCtMht,Sun Jun 24 22:30:05 +0000 2018,-0.5574,0.0,0.153,0.847,3
403,The New York Times,Pakistan's Taliban appoints a new leader known for extortion and promoting violence against health workers https://t.co/onvYWg7BTz,Sun Jun 24 22:15:06 +0000 2018,-0.3818,0.128,0.209,0.663,4
404,The New York Times,Teenage Girl Helps a Blind and Deaf Passenger and Wins Praise for Doing ‚ÄòSomething Beautiful‚Äô https://t.co/4QcCZEYIFL,Sun Jun 24 22:08:28 +0000 2018,0.802,0.419,0.114,0.466,5
405,The New York Times,"‚ÄúIt seems like such a lonely life to be deaf and blind ‚Äî to not be able to see and hear,‚Äù said Clara, 15, who helpe‚Ä¶ https://t.co/14Zn0YmjeV",Sun Jun 24 22:00:03 +0000 2018,-0.4019,0.084,0.175,0.741,6
406,The New York Times,Saudi Arabia lifted its ban on women driving today. We heard from women there about how their lives are changing ‚Äî‚Ä¶ https://t.co/m0yeCMYX8H,Sun Jun 24 21:45:05 +0000 2018,-0.5574,0.0,0.146,0.854,7
407,The New York Times,"RT @nytvideo: For a while, President Recep Tayyip Erdogan was the face of modern Islam in Turkey ‚Äî but over the past two years, he‚Äôs jailed‚Ä¶",Sun Jun 24 21:31:07 +0000 2018,0.0,0.0,0.0,1.0,8
408,The New York Times,Uber this week begins an appeal to reverse a decision by London‚Äôs regulators to revoke its operating license https://t.co/YahYDcc9Qd,Sun Jun 24 21:30:16 +0000 2018,0.0,0.0,0.0,1.0,9
409,The New York Times,"Breaking News: Turkey‚Äôs president, Recep Tayyip Erdogan, claimed victory in an election that grants him sweeping ne‚Ä¶ https://t.co/TymE6H35jo",Sun Jun 24 21:25:41 +0000 2018,0.2263,0.101,0.0,0.899,10
410,The New York Times,"Orkambi, a new drug to treat cystic fibrosis, costs $272,000 a year, but has been shown to only modestly help patie‚Ä¶ https://t.co/YdNx9oLfwZ",Sun Jun 24 21:15:06 +0000 2018,0.6597,0.231,0.0,0.769,11
411,The New York Times,Here are some ideas for what to cook this week https://t.co/F2Kl6fyULC,Sun Jun 24 21:00:19 +0000 2018,0.0,0.0,0.0,1.0,12
412,The New York Times,"""The movement itself is every day of the year."" As people across the U.S. celebrate Pride, we asked readers what th‚Ä¶ https://t.co/VX0elBds6x",Sun Jun 24 20:52:05 +0000 2018,0.7269,0.234,0.0,0.766,13
413,The New York Times,The artist Prune Nourry created a 13-foot-tall cement sculpture of a female warrior as a tribute to breast cancer s‚Ä¶ https://t.co/3tmplvdmxQ,Sun Jun 24 20:45:05 +0000 2018,-0.5267,0.089,0.196,0.714,14
414,The New York Times,President Recep Tayyip Erdogan of Turkey claimed victory on Sunday in the country‚Äôs presidential election https://t.co/cphmvvtfsv,Sun Jun 24 20:42:31 +0000 2018,0.0,0.0,0.0,1.0,15
415,The New York Times,‚ÄúCatfish‚Äù will resume filming after an investigation into a sexual harassment allegation against the show‚Äôs co-host‚Ä¶ https://t.co/UlbTtQjUab,Sun Jun 24 20:30:07 +0000 2018,-0.5423,0.0,0.189,0.811,16
416,The New York Times,"New Zealand's prime minister said her newborn daughter's middle name, Te Aroha, which means ""love"" in the Maori lan‚Ä¶ https://t.co/GoEfKkvV3C",Sun Jun 24 20:15:05 +0000 2018,0.0,0.0,0.0,1.0,17
417,The New York Times,This tent city houses migrant children between 13 and 17. Reporters haven‚Äôt been allowed in ‚Äî so we used aerial ima‚Ä¶ https://t.co/wGaCcHQHuW,Sun Jun 24 20:00:20 +0000 2018,0.0,0.0,0.0,1.0,18
418,The New York Times,"Parents of more than 2,300 children who were separated after their arrival in the United States now face lengthy bu‚Ä¶ https://t.co/lG5HBTEssV",Sun Jun 24 19:45:05 +0000 2018,0.4215,0.123,0.0,0.877,19
419,The New York Times,Dino-mite? Not quite. But ‚ÄúJurassic World: Fallen Kingdom‚Äù arrived to a still-huge $150 million in ticket sales ove‚Ä¶ https://t.co/JGqDeegAmm,Sun Jun 24 19:30:05 +0000 2018,-0.3612,0.0,0.128,0.872,20
420,The New York Times,"In Opinion

Op-Ed contributor Sonia Nazario writes, ""Law and order can go hand in hand with humanity. It‚Äôs the Amer‚Ä¶ https://t.co/ynUZpG2jvF",Sun Jun 24 19:15:01 +0000 2018,0.7506,0.252,0.0,0.748,21
421,The New York Times,‚ÄúWe now have concrete evidence that Scott Pruitt offered to use taxpayer resources to do favors for the lobbyist wh‚Ä¶ https://t.co/VzSsORzuKD,Sun Jun 24 19:00:05 +0000 2018,0.25,0.091,0.0,0.909,22
422,The New York Times,"President Recep Tayyip Erdogan was leading Sunday in early balloting for the presidency, with 55 percent of the vot‚Ä¶ https://t.co/XWNUxmvIgR",Sun Jun 24 18:45:04 +0000 2018,0.0,0.0,0.0,1.0,23
423,The New York Times,"As he eyes a 2020 presidential run, Bernie Sanders is gaining traction among Democrats for his ideas, but having tr‚Ä¶ https://t.co/o3LJS62zDF",Sun Jun 24 18:30:08 +0000 2018,0.2263,0.091,0.0,0.909,24
424,The New York Times,"‚ÄúWhat country are you a citizen of?"" the Border Patrol agent asked a driver at a highway checkpoint in Maine https://t.co/6oVSbYD2zO",Sun Jun 24 18:15:05 +0000 2018,0.0,0.0,0.0,1.0,25
425,The New York Times,"As school shootings mount ‚Äî more than 200 have occurred since the one in Newtown, Conn., in 2012 ‚Äî educators face t‚Ä¶ https://t.co/ogUTp7iLeB",Sun Jun 24 18:00:10 +0000 2018,0.0,0.0,0.0,1.0,26
426,The New York Times,"Everyone who ever spent even a few minutes with Obama, it seems, has written a book about it https://t.co/A4k099SlVk",Sun Jun 24 17:45:05 +0000 2018,0.0,0.0,0.0,1.0,27
427,The New York Times,President Trump suggested sending people who ‚Äúinvade‚Äù the United States ‚Äúback from where they came‚Äù without legal p‚Ä¶ https://t.co/QB1pcQY9FX,Sun Jun 24 17:30:17 +0000 2018,0.3464,0.132,0.065,0.803,28
428,The New York Times,"Here are the week‚Äôs top stories, and a look ahead https://t.co/O9yP5DbHux",Sun Jun 24 17:15:03 +0000 2018,0.2023,0.167,0.0,0.833,29
429,The New York Times,"U.S. politicians talk a lot about the importance of families, but their policies don't match up to their words https://t.co/y9xW0GrzGr",Sun Jun 24 17:00:13 +0000 2018,0.1901,0.089,0.0,0.911,30
430,The New York Times,"Colombia, a team many thought could win the Group H, will look to rebound after losing its opener to Japan https://t.co/F28DqKpOWx",Sun Jun 24 16:45:10 +0000 2018,0.296,0.156,0.107,0.738,31
431,The New York Times,Tens of thousands of Britons opposed to the country‚Äôs withdrawal from the European Union marched through the street‚Ä¶ https://t.co/lSR9QKbdcF,Sun Jun 24 16:30:12 +0000 2018,0.0258,0.058,0.0,0.942,32
432,The New York Times,"Under President Trump, once stately medallions have gotten glitzier, and at least one featured a Trump property https://t.co/SiId7NtLU2",Sun Jun 24 16:15:07 +0000 2018,0.0,0.0,0.0,1.0,33
433,The New York Times,"RT @NYTStyles: Every day is so wonderful
Then suddenly 
It's hard to breathe
Now and then I get insecure 
From all the pain
I'm so ashamed‚Ä¶",Sun Jun 24 16:01:19 +0000 2018,-0.1923,0.143,0.226,0.632,34
434,The New York Times,"Prince William has kicked off a ""historic"" visit to the Middle East, with planned stops in Jordan, Israel and the P‚Ä¶ https://t.co/Gpdq2TvOQ8",Sun Jun 24 16:00:04 +0000 2018,-0.1531,0.0,0.074,0.926,35
435,The New York Times,"@NYTStyles You are beautiful
No matter what they say
Words can't bring you down
Oh no
You are beautiful
In every si‚Ä¶ https://t.co/g75JRurQMj",Sun Jun 24 15:55:29 +0000 2018,0.6705,0.284,0.141,0.575,36
436,The New York Times,"In Opinion

Op-Ed columnist @MaureenDowd writes, ""Donald and Ivanka are consumed with protecting their own brands.‚Ä¶ https://t.co/K4qjgTQsmx",Sun Jun 24 15:45:06 +0000 2018,0.0,0.0,0.0,1.0,37
437,The New York Times,The federal government said it had reunited 522 migrant children who were separated at the border as part of Presid‚Ä¶ https://t.co/WXpZnDyfA3,Sun Jun 24 15:30:04 +0000 2018,0.0,0.0,0.0,1.0,38
438,The New York Times,Japan takes on Senegal in a Group H match between 2 underdogs who pulled off upsets in their first games of this Wo‚Ä¶ https://t.co/MNcWYoZR92,Sun Jun 24 15:15:10 +0000 2018,-0.3612,0.0,0.111,0.889,39
439,The New York Times,"The World‚Äôs Ugliest Dog contest is actually a celebration of the dogs, many of which were rescued from shelters or‚Ä¶ https://t.co/dwpcORBEVR",Sun Jun 24 15:00:05 +0000 2018,-0.25,0.114,0.154,0.732,40
440,The New York Times,"Jared Kushner, President Trump‚Äôs top adviser on the Middle East, told a Palestinian newspaper that the Palestinian‚Ä¶ https://t.co/z4lZlGAB6B",Sun Jun 24 14:45:06 +0000 2018,0.2023,0.101,0.0,0.899,41
441,The New York Times,"The first goal in England‚Äôs 6-1 rout of Panama was instructive, and in retrospect a preview of what was to come https://t.co/0jv7GWveWb",Sun Jun 24 14:37:41 +0000 2018,0.0,0.0,0.0,1.0,42
442,The New York Times,"During a visit to Nevada, President Trump delivered a message he has repeated at rallies for weeks: ‚ÄúWe need more R‚Ä¶ https://t.co/FE5Ytmi594",Sun Jun 24 14:30:14 +0000 2018,0.0,0.0,0.0,1.0,43
443,The New York Times,RT @patrickhealynyt: A Red Wave? Here‚Äôs some of what we do know: Trump voters have become a resilient force for 2018. The more he‚Äôs attacke‚Ä¶,Sun Jun 24 14:20:08 +0000 2018,0.0,0.0,0.0,1.0,44
444,The New York Times,"RT @nytvideo: What does an election look like when democracy‚Äôs very survival is in question? To find out, we came to Turkey, where Presiden‚Ä¶",Sun Jun 24 14:08:13 +0000 2018,0.3612,0.098,0.0,0.902,45
445,The New York Times,@nytimesbusiness @nytimesworld @NYTNational @NYTStyles @NYTMetro Amid shifting global terrain for the LGBTQ communi‚Ä¶ https://t.co/zdYgVnFsUD,Sun Jun 24 14:02:00 +0000 2018,0.0,0.0,0.0,1.0,46
446,The New York Times,"@NYTStyles @NYTMetro The nature of Pride has changed as well. In 2018, The Times has been telling stories of how qu‚Ä¶ https://t.co/WJMCDn1vUf",Sun Jun 24 13:48:47 +0000 2018,0.5423,0.184,0.0,0.816,47
447,The New York Times,The word ‚Äúgay‚Äù was banned from The Times five years later ‚Äî because of an article that upset the publisher's 82-yea‚Ä¶ https://t.co/FGwAtPcQmL,Sun Jun 24 13:39:00 +0000 2018,-0.6808,0.0,0.228,0.772,48
448,The New York Times,"New York City‚Äôs annual Pride parade, which takes place today, got its start in 1970, a year after the Stonewall rio‚Ä¶ https://t.co/oynpIV417d",Sun Jun 24 13:35:42 +0000 2018,0.34,0.107,0.0,0.893,49
449,The New York Times,How big a deal is a trade war with China? It depends very much on which products you are talking about. https://t.co/JuL5YbaWam,Sun Jun 24 13:30:15 +0000 2018,-0.5994,0.0,0.17,0.83,50
450,The New York Times,"RT @nytlizrobbins: Inside a New York state-regulated facility for young immigrants, some recently separated from their parents at the borde‚Ä¶",Sun Jun 24 13:12:03 +0000 2018,0.0,0.0,0.0,1.0,51
451,The New York Times,"A new pattern of behavior in domestic abuse cases is tied to smart home technology. Internet-connected locks, speak‚Ä¶ https://t.co/JHPHPriX5r",Sun Jun 24 13:00:10 +0000 2018,-0.3612,0.118,0.183,0.699,52
452,The New York Times,The ABCs of L.G.B.T.Q.I.A.+ https://t.co/ztSIXxTlL8,Sun Jun 24 12:43:20 +0000 2018,0.0,0.0,0.0,1.0,53
453,The New York Times,"5 years ago, the Supreme Court struck down a key part of the Voting Rights Act. Since then, it's become harder to v‚Ä¶ https://t.co/7B6xAbFF9D",Sun Jun 24 12:30:11 +0000 2018,0.3818,0.141,0.078,0.781,54
454,The New York Times,England vs. Panama: World Cup 2018 Live https://t.co/NJdB4CvONd,Sun Jun 24 12:00:40 +0000 2018,0.0,0.0,0.0,1.0,55
455,The New York Times,"RT @abbygoodnough: She treats diabetes, rashes, strep throat - and opioid addiction. The country needs many more doctors like her. https://‚Ä¶",Sun Jun 24 12:00:07 +0000 2018,0.4173,0.128,0.0,0.872,56
456,The New York Times,"75% of Americans say immigration is good for the nation, the most to say so since at least 2001, according to a new‚Ä¶ https://t.co/VnJwL8aZss",Sun Jun 24 11:30:09 +0000 2018,0.4404,0.116,0.0,0.884,57
457,The New York Times,"As the numbers show, there is a stark disconnect between Trump's border rhetoric and the reality of life in border‚Ä¶ https://t.co/HhaRSRU3Hq",Sun Jun 24 11:00:06 +0000 2018,0.0,0.0,0.0,1.0,58
458,The New York Times,"A Space Force? The Idea May Have Merit, Some Say https://t.co/bJMjH70Wfz",Sun Jun 24 10:38:32 +0000 2018,0.4215,0.237,0.0,0.763,59
459,The New York Times,Travel Tips: 5 Tips to Enjoy a Tween- and Teen-Friendly Vacation https://t.co/lCufX0BWQ1,Sun Jun 24 10:36:26 +0000 2018,0.4939,0.262,0.0,0.738,60
460,The New York Times,"""That‚Äôs what I do, is deals,"" President Trump said one day last month. Except that so far he has not. https://t.co/sdOOsqy3MW",Sun Jun 24 10:30:08 +0000 2018,0.0,0.0,0.0,1.0,61
461,The New York Times,"Trump voters have become a resilient force for the midterms. They leap to his defense, they say, because criticism‚Ä¶ https://t.co/STaUp7dw68",Sun Jun 24 10:00:13 +0000 2018,0.128,0.077,0.0,0.923,62
462,The New York Times,RT @NYTFashion: Now THAT'S what I call sustainable fashion https://t.co/R4GH37YfpO,Sun Jun 24 09:40:32 +0000 2018,0.0,0.0,0.0,1.0,63
463,The New York Times,‚ÄúWe‚Äôve seen more nonstate armed groups emerge in the last 7 years than in the previous 70 years‚Äù https://t.co/VZDCzdUeGn,Sun Jun 24 09:24:15 +0000 2018,0.0,0.0,0.0,1.0,64
464,The New York Times,Michael Jackson‚Äôs estate is developing a Broadway-bound bio-musical https://t.co/PsdtC7XUex,Sun Jun 24 09:07:35 +0000 2018,0.0,0.0,0.0,1.0,65
465,The New York Times,The Final Hours of the Iceman‚Äôs Tools https://t.co/mHvUecy4Al,Sun Jun 24 08:50:06 +0000 2018,0.0,0.0,0.0,1.0,66
466,The New York Times,Instagram will now allow videos up to an hour long https://t.co/AFIYEcBvxJ,Sun Jun 24 08:41:49 +0000 2018,0.2263,0.16,0.0,0.84,67
467,The New York Times,Jacinda Ardern is the first world leader in almost 3 decades to give birth while in office https://t.co/0kGjBzZjSv,Sun Jun 24 08:25:10 +0000 2018,0.0,0.0,0.0,1.0,68
468,The New York Times,"Nina Simone's childhood home is now a National Treasure
https://t.co/U51a577uKM",Sun Jun 24 08:08:21 +0000 2018,0.296,0.216,0.0,0.784,69
469,The New York Times,"‚ÄúAnd Italian Roma?"" Unfortunately we have to keep them."" https://t.co/EktnnC1d9h",Sun Jun 24 07:51:30 +0000 2018,-0.34,0.0,0.211,0.789,70
470,The New York Times,"The Warped Tour has showcased female stars over the years, including No Doubt, Katy Perry and Paramore, but its gen‚Ä¶ https://t.co/9yscZYH4rA",Sun Jun 24 07:34:48 +0000 2018,-0.3291,0.0,0.15,0.85,71
471,The New York Times,RT @nytimesworld: Tens of thousands of anti-Brexit protesters gathered in London to demand citizens have a say in the final Brexit deal  ht‚Ä¶,Sun Jun 24 07:18:19 +0000 2018,-0.34,0.0,0.145,0.855,72
472,The New York Times,Why train travel is a good way to go when you're bringing your dog along https://t.co/BX4yEWnI1x https://t.co/bEXighUTO1,Sun Jun 24 07:01:39 +0000 2018,0.4404,0.162,0.0,0.838,73
473,The New York Times,How Apple‚Äôs Tim Cook became tech‚Äôs top diplomat https://t.co/fVIKblQtdX https://t.co/3OnD0OH5Sy,Sun Jun 24 06:28:12 +0000 2018,0.2023,0.167,0.0,0.833,74
474,The New York Times,"The World Cup fans descended on Volgograd, Russia. Then the bugs descended on them. https://t.co/6ozvd28Mtf",Sun Jun 24 06:11:35 +0000 2018,0.0,0.0,0.0,1.0,75
475,The New York Times,RT @Neil_Irwin: What does a trade war with China mean in practical terms? It depends a lot on the microeconomics of each particular product‚Ä¶,Sun Jun 24 05:54:46 +0000 2018,-0.5994,0.0,0.157,0.843,76
476,The New York Times,"RT @nytimesworld: Kim Jong-pil, who died Saturday at 92, was the last of the ‚ÄúThree Kims‚Äù who dominated South Korean politics for decades h‚Ä¶",Sun Jun 24 05:38:12 +0000 2018,-0.5574,0.0,0.135,0.865,77
477,The New York Times,The current system favors low-risk research and proposals by older scientists and white men https://t.co/wC26bswhk3,Sun Jun 24 05:21:30 +0000 2018,0.25,0.125,0.0,0.875,78
478,The New York Times,Astronomers have discovered thousands of exoplanets circling other stars within our galaxy. Is life only possible o‚Ä¶ https://t.co/v4wzfQLnrg,Sun Jun 24 05:05:00 +0000 2018,0.0,0.0,0.0,1.0,79
479,The New York Times,Few primary care doctors are willing to do what Nicole Gastala does: treat patients who are addicted to opioid pain‚Ä¶ https://t.co/Km6d1PJMmE,Sun Jun 24 04:49:02 +0000 2018,0.7096,0.237,0.0,0.763,80
480,The New York Times,"""YES WE ALL CARE. Y-DON‚ÄôT-U.""

See some of the messages that people are painting and taping on their jackets in res‚Ä¶ https://t.co/kMHsVfe0LQ",Sun Jun 24 04:39:03 +0000 2018,0.8109,0.269,0.0,0.731,81
481,The New York Times,"""I hoped I would experience this one day. But I never thought it would happen in my lifetime."" https://t.co/gsYGXOMLUz",Sun Jun 24 04:28:04 +0000 2018,0.3818,0.14,0.0,0.86,82
482,The New York Times,U.S. Government Reunites 522 Children Removed Under 'Zero Tolerance' https://t.co/VobVBA1VAL,Sun Jun 24 04:21:07 +0000 2018,0.296,0.196,0.0,0.804,83
483,The New York Times,Elizabeth Warren denounced President Trump's policies in Reno. Hours later he responded in Las Vegas with a slur. S‚Ä¶ https://t.co/FpisO0R6E5,Sun Jun 24 04:16:05 +0000 2018,0.0,0.0,0.0,1.0,84
484,The New York Times,"-Men‚Äôs earnings increase by 6% when they become fathers
-A woman's hourly wages decrease by 4% with each child

(Th‚Ä¶ https://t.co/KSiQWRXymq",Sun Jun 24 04:01:47 +0000 2018,0.3182,0.103,0.0,0.897,85
485,The New York Times,"""The kingdom has fallen. The park is gone. Welcome to the petting zoo,"" our critic A.O. Scott writes. https://t.co/KVReZSg6le",Sun Jun 24 03:44:01 +0000 2018,-0.1531,0.127,0.195,0.678,86
486,The New York Times,"For the past 3 years, she hasn‚Äôt been able to keep anything down. There‚Äôs no evidence of a parasitic infection, and‚Ä¶ https://t.co/WqpPLPiIIX",Sun Jun 24 03:27:19 +0000 2018,-0.296,0.0,0.104,0.896,87
487,The New York Times,Elizabeth Warren Condemned Trump in Reno. He Answered in Las Vegas With a Slur. https://t.co/imWIdFqGjF,Sun Jun 24 03:08:10 +0000 2018,-0.4404,0.0,0.182,0.818,88
488,The New York Times,"This year‚Äôs list of the World‚Äôs 50 Best Restaurants was revealed in Bilbao, Spain https://t.co/1bS05P4lal",Sun Jun 24 03:05:46 +0000 2018,0.6369,0.231,0.0,0.769,89
489,The New York Times,"Scientists are desperate to solve the puzzle. If the answer isn‚Äôt found soon, then 32 years of work to end the scou‚Ä¶ https://t.co/5k602GHJbr",Sun Jun 24 02:49:19 +0000 2018,-0.128,0.072,0.092,0.837,90
490,The New York Times,"‚ÄúI‚Äôm not 20. I don‚Äôt want to be 20, but I‚Äôm really freaking cool.‚Äù Meet the grandmas of Instagram. https://t.co/dUtRWwRlvP",Sun Jun 24 02:33:03 +0000 2018,-0.6429,0.0,0.236,0.764,91
491,The New York Times,"New Zealand‚Äôs Leader, Jacinda Ardern, Introduces Baby Daughter https://t.co/nqmEnV1Nbp",Sun Jun 24 02:14:10 +0000 2018,0.0,0.0,0.0,1.0,92
492,The New York Times,"The giant sequoias of Yosemite, a ‚Äúforest masterpiece,‚Äù are open for visitors again after a renovation to add walki‚Ä¶ https://t.co/6G0a6KaLm7",Sun Jun 24 02:05:04 +0000 2018,0.0,0.0,0.0,1.0,93
493,The New York Times,"RT @patrickhealynyt: Add it up: These maps &amp; data points show Alabama‚Äôs constant determination to make voting harder for African-Americans,‚Ä¶",Sun Jun 24 01:47:23 +0000 2018,0.4019,0.124,0.0,0.876,94
494,The New York Times,RT @randyNYT: How New York Times editor ‚Å¶@apchavira‚Å© got the Mexican soccer team to fix spelling mistakes on their jerseys. https://t.co/hS‚Ä¶,Sun Jun 24 01:28:31 +0000 2018,-0.3612,0.0,0.111,0.889,95
495,The New York Times,Iraqi Political Alliance Unites a U.S. Friend and Foe https://t.co/BEJEUXqswH,Sun Jun 24 01:09:39 +0000 2018,0.0772,0.244,0.221,0.534,96
496,The New York Times,"RT @nytimesworld: ‚ÄúDuring the last few years, I discovered that I have rights that have been usurped for a very long time‚Äù https://t.co/t3q‚Ä¶",Sun Jun 24 01:02:43 +0000 2018,0.0,0.0,0.0,1.0,97
497,The New York Times,The Koch brothers are waging a sophisticated fight against public transit initiatives across the U.S. And they are‚Ä¶ https://t.co/Uvk8ReTMlz,Sun Jun 24 00:43:32 +0000 2018,0.25,0.162,0.117,0.721,98
498,The New York Times,This summery recipe from Jacques P√©pin couldn't be easier https://t.co/ljldp9UFUX,Sun Jun 24 00:27:37 +0000 2018,-0.3252,0.0,0.206,0.794,99
499,The New York Times,"RT @anniecorreal: Here‚Äôs what we know so far about the separated children in New York. They could represent about a third of the 2,300 chil‚Ä¶",Sun Jun 24 00:11:05 +0000 2018,0.0,0.0,0.0,1.0,100
